Workbook

Sheet A-Junioren
A1: Vorschlag Einteilung Rückrunde A-Junioren 2025/2026 | L1: Stand: 31.12.25 | Q1: keine Teilnahme Leistungsstaffel (Verzicht / flex) | S1: LS | T1: =COUNTIF($T$5:T$52,S1) -> 10 | X1: LS | Y1: =COUNTIF($Y$5:$Y$52,X1) -> 10
Q2: Rückzug | S2: KS | T2: =COUNTIF($T$5:T$52,S2) -> 14 | X2: KS | Y2: =COUNTIF($Y$5:$Y$52,X2) -> 11
A3: SL: | B3: Reiner Falk | F3: SL: | G3: Karl Ruck
A4: A-Junioren Leistungsstaffel 1 | C4: Punkte | D4: Q | F4: A-Junioren Leistungsstaffel 2 | H4: Punkte | I4: Q | Q4: Unterland | R4: Punkte | S4: Q | V4: Hohenlohe | W4: Punkte | X4: Q
A5: 1. | B5: SGM SC Abstatt/Beilstein/Ilsfeld/Heinriet ABI | C5: 22 | D5: 2.75 | F5: 1. | G5: SC Michelbach/Wald | H5: 15 | I5: 2.5 | P5: 1. | Q5: SGM SC Abstatt/Beilstein/Ilsfeld/Heinriet ABI | R5: 22 | S5: 2.75 | T5: LS | U5: 1. | V5: SC Michelbach/Wald | W5: 15 | X5: 2.5 | Y5: LS
A6: 2. | B6: SGM Cleebronn/Botenheim/Eibensbach/Stockheim | C6: 19 | D6: 2.375 | F6: 2. | G6: SGM TSV Kupferzell/Gaisbach/Ingelfingen | H6: 12 | I6: 2 | P6: 2. | Q6: SGM Cleebronn/Botenheim/Eibensbach/Stockheim | R6: 19 | S6: 2.375 | T6: LS | U6: 2. | V6: SGM TSV Kupferzell/Gaisbach/Ingelfingen | W6: 12 | X6: 2 | Y6: LS
A7: 3. | B7: SV Leingarten | C7: 16 | D7: 2 | F7: 3. | G7: SC Steinbach | H7: 12 | I7: 2 | P7: 3. | Q7: SV Leingarten | R7: 16 | S7: 2 | T7: LS | U7: 3. | V7: SC Steinbach | W7: 12 | X7: 2 | Y7: LS
A8: 4. | B8: SGM Dürrenzimmern Unteres Zabergäu | C8: 12 | D8: 1.5 | F8: 4. | G8: SGM SSV Schwäbisch Hall/Tura Untermünkheim | H8: 12 | I8: 2 | P8: 4. | Q8: SGM Dürrenzimmern Unteres Zabergäu | R8: 12 | S8: 1.5 | T8: LS | U8: 4. | V8: SGM SSV Schwäbisch Hall/Tura Untermünkheim | W8: 12 | X8: 2 | Y8: LS
A9: 5. | B9: SGM Kirchhausen | C9: 8 | D9: 1 | F9: 5. | G9: SGM Vellberg/Obersontheim/Gründelh.-Operspeltach/Honhardt | H9: 16 | I9: 2.2857143 | P9: 5. | Q9: SGM Lehrensteinsfeld (flex) | R9: 9 | S9: 1.125 | T9: KS | U9: 5. | V9: SGM TSV Schwabbach/Brettachtal | W9: 6 | X9: 1 | Y9: KS
A10: 6. | B10: SG Bad Wimpfen | C10: 16 | D10: 2.6666667 | F10: 6. | G10: SGM Sulzdorf/Hessental | H10: 16 | I10: 2.2857143 | P10: 6. | Q10: SGM Kirchhausen | R10: 8 | S10: 1 | T10: LS | U10: 6. | V10: SGM VfB Neuhütten/Wüstenrot/Neulautern | W10: 6 | X10: 1 | Y10: KS
A11: 7. | B11: SGM Höchstberg H-U-T-H I | C11: 12 | D11: 2 | F11: 7. | G11: TSV Crailsheim | H11: 16 | I11: 2.2857143 | P11: 7. | Q11: TSV Weinsberg | R11: 6 | S11: 0.75 | T11: KS | U11: 7. | V11: SGM SV Berlichingen/Schöntal/Mittleres Kochertal | W11: 0 | X11: 0
A12: 8. | B12: SC Amorbach | C12: 12 | D12: 2 | F12: 8. | G12: SGM VfB Bad Mergentheim /1. FC Igersheim | H12: 18 | I12: 2.5714286 | P12: 8. | Q12: TSV Untergruppenbach | R12: 5 | S12: 0.625 | T12: KS | U12: 8. | V12: SGM VfR Gommersdorf/Mittleres Jagsttal II (flex) zg. | W12: 0
A13: 9. | B13: SGM Neuenstadt Kochertal | C13: 7 | D13: 1.1666667 | F13: 9. | G13: SGM Hengstfeld/Rot am See/Brettheim | H13: 15 | I13: 2.1428571 | P13: 9. | Q13: SGM TSV Meimsheim Neckar/Zabergäu | R13: 5 | S13: 0.625 | T13: KS
A14: 10. | B14: SGM Obergriesheim Krumme Ebene am Neckar | C14: 7 | D14: 1.1666667 | F14: 10. | G14: SGM Dünsbach/Blaufelden/Gerabronn/Billingsbach | H14: 13 | I14: 1.8571429 | U14: 1. | V14: SGM Vellberg/Obersontheim/Gründelh.-Operspeltach/Honhardt | W14: 16 | X14: 2.2857143 | Y14: LS
P15: 1. | Q15: SG Bad Wimpfen | R15: 16 | S15: 2.6666667 | T15: LS | U15: 2. | V15: SGM Sulzdorf/Hessental | W15: 16 | X15: 2.2857143 | Y15: LS
P16: 2. | Q16: SGM Höchstberg H-U-T-H I | R16: 12 | S16: 2 | T16: LS | U16: 3. | V16: TSV Crailsheim | W16: 16 | X16: 2.2857143 | Y16: LS
A17: SL: | B17: Reiner Falk | F17: SL: | G17: Reiner Falk | P17: 3. | Q17: SC Amorbach | R17: 12 | S17: 2 | T17: LS | U17: 4. | V17: SGM Bühlerzell/Bühlertann | W17: 9 | X17: 1.2857143 | Y17: KS
A18: A-Junioren Kreisstaffel 1 (Doppelrunde) | C18: Punkte | D18: Q | F18: A-Junioren Kreisstaffel 2 | H18: Punkte | I18: Q | P18: 4. | Q18: SGM Neuenstadt Kochertal | R18: 7 | S18: 1.1666667 | T18: LS | U18: 5. | V18: TSV Gaildorf (flex) | W18: 9 | X18: 1.2857143 | Y18: KS
A19: 1. | B19: SGM Lehrensteinsfeld (flex) | C19: 9 | D19: 1.125 | F19: 1. | G19: SGM TSV Niederhofen/Oberes Leintal (flex) | H19: 18 | I19: 2.25 | P19: 5. | Q19: SGM Obergriesheim Krumme Ebene am Neckar | R19: 7 | S19: 1.1666667 | T19: LS | U19: 6. | V19: SGM Eutendorf/Ottendorf | W19: 9 | X19: 1.2857143 | Y19: KS
A20: 2. | B20: TSV Weinsberg | C20: 6 | D20: 0.75 | F20: 2. | G20: SGM Ellhofen Sulmtal (flex) | H20: 17 | I20: 2.125 | P20: 6. | Q20: Aramäer Heilbronn | R20: 7 | S20: 1.1666667 | U20: 7. | V20: SGM Oberrot/Rottal (flex) | W20: 6 | X20: 0.85714286 | Y20: KS
A21: 3. | B21: TSV Untergruppenbach | C21: 5 | D21: 0.625 | F21: 3. | G21: SGM Oberes Zabergäu/Mühlbach/Sulzfeld | H21: 15 | I21: 1.875 | P21: 7. | Q21: TG Böckingen | R21: 0 | S21: 0 | T21: KS | U21: 8. | V21: SGM VfR Altenmünster/SV Onolzheim (flex) | W21: 0 | X21: 0 | Y21: KS
A22: 4. | B22: SGM TSV Meimsheim Neckar/Zabergäu | C22: 5 | D22: 0.625 | F22: 4. | G22: SSV Auenstein | H22: 13 | I22: 1.625 | P22: 8. | Q22: TSG Heilbronn zg. | R22: 0
A23: 5. | B23: TG Böckingen | C23: 0 | D23: 0 | F23: 5. | G23: SGM Neckarwestheim/Talheim II | H23: 12 | I23: 1.5 | U23: 1. | V23: SGM VfB Bad Mergentheim /1. FC Igersheim | W23: 18 | X23: 2.5714286 | Y23: LS
A24: 6. | B24: SV Heilbronn am Leinbach | C24: 16 | D24: 2 | F24: 6. | G24: SGM Höchstberg H-U-T-H II (flex) | H24: 6 | I24: 0.75 | P24: 1. | Q24: SGM TSV Niederhofen/Oberes Leintal (flex) | R24: 18 | S24: 2.25 | T24: KS | U24: 2. | V24: SGM Weikersheim Vorbach-Tauber | W24: 15 | X24: 2.1428571 | Y24: KS
F25: 7. | G25: SC Böckingen (flex) | H25: 4 | I25: 0.5 | P25: 2. | Q25: SGM Ellhofen Sulmtal (flex) | R25: 17 | S25: 2.125 | T25: KS | U25: 3. | V25: SGM Hengstfeld/Rot am See/Brettheim | W25: 15 | X25: 2.1428571 | Y25: LS
F26: 8. | G26: SGM Bonfeld/Fürfeld/Obergimpern (flex) | H26: 4 | I26: 0.5 | P26: 3. | Q26: SV Heilbronn am Leinbach (flex) | R26: 16 | S26: 2 | T26: KS | U26: 4. | V26: SGM Dünsbach/Blaufelden/Gerabronn/Billingsbach | W26: 13 | X26: 1.8571429 | Y26: LS
P27: 4. | Q27: SGM Oberes Zabergäu/Mühlbach/Sulzfeld | R27: 15 | S27: 1.875 | T27: KS | U27: 5. | V27: SGM TSV Schrozberg / Gammesfeld / Bartenstein | W27: 10 | X27: 1.4285714 | Y27: KS
P28: 5. | Q28: SSV Auenstein | R28: 13 | S28: 1.625 | T28: KS | U28: 6. | V28: TV Niederstetten (flex) | W28: 6 | X28: 0.85714286 | Y28: KS
A29: SL: | B29: Karl Ruck | F29: SL: | G29: Karl Ruck | P29: 6. | Q29: SGM Neckarwestheim/Talheim II | R29: 12 | S29: 1.5 | T29: KS | U29: 7. | V29: TSG Kirchberg/Jagst | W29: 5 | X29: 0.71428571
A30: A-Junioren Kreisstaffel 3 (Doppelrunde) | C30: Punkte | D30: Q | F30: A-Junioren Kreisstaffel 4 (Doppelrunde) | H30: Punkte | I30: Q | P30: 7. | Q30: SGM Höchstberg H-U-T-H II (flex) | R30: 6 | S30: 0.75 | T30: KS | U30: 8. | V30: SGM FC Creglingen/Oberes Taubertal | W30: 0 | X30: 0 | Y30: KS
A31: 1. | B31: SGM TSV Schwabbach/Brettachtal | C31: 6 | D31: 1 | F31: 1. | G31: SGM VfR Altenmünster/SV Onolzheim (flex) | H31: 0 | I31: 0 | P31: 8. | Q31: SC Böckingen (flex) | R31: 4 | S31: 0.5 | T31: KS
A32: 2. | B32: SGM VfB Neuhütten/Wüstenrot/Neulautern (flex) | C32: 6 | D32: 1 | F32: 2. | G32: SGM Weikersheim Vorbach-Tauber | H32: 15 | I32: 2.1428571 | P32: 9. | Q32: SGM Bonfeld/Fürfeld/Obergimpern (flex) | R32: 4 | S32: 0.5 | T32: KS
A33: 3. | B33: SGM Bühlerzell/Bühlertann (flex) | C33: 9 | D33: 1.2857143 | F33: 3. | G33: SGM TSV Schrozberg / Gammesfeld / Bartenstein | H33: 10 | I33: 1.4285714
A34: 4. | B34: TSV Gaildorf (flex) | C34: 9 | D34: 1.2857143 | F34: 4. | G34: TV Niederstetten (flex) | H34: 6 | I34: 0.85714286
A35: 5. | B35: SGM Eutendorf/Ottendorf | C35: 9 | D35: 1.2857143 | F35: 5. | G35: SGM FC Creglingen/Oberes Taubertal | H35: 0 | I35: 0
A36: 6. | B36: SGM Oberrot/Rottal (flex) | C36: 6 | D36: 0.85714286

Sheet B-Junioren
A1: Vorschlag Einteilung Rückrunde B-Junioren 2025/2026 | L1: Stand: 31.12.25 | Q1: keine Teilnahme Leistungsstaffel (Verzicht / flex / rückv. Spieler) | S1: LS | T1: =COUNTIF($T$6:T$52,S1) -> 10 | X1: LS | Y1: =COUNTIF($Y$6:$Y$52,X1) -> 10
Q2: Rückzug | S2: KS | T2: =COUNTIF($T$6:T$52,S2) -> 21 | X2: KS | Y2: =COUNTIF($Y$6:$Y$52,X2) -> 26
A3: SL: | B3: Bernhard Nied | F3: SL: | G3: Franz Schmitt | Q3: Änderung Mannschaftsstärke zur Rückrunde
A4: B-Junioren Leistungsstaffel 1 | C4: Punkte | D4: Q | F4: B-Junioren Leistungsstaffel 2 | H4: Punkte | I4: Q
A5: 1. | B5: SGM Oedheim Kochertal I | C5: 19 | D5: 2.375 | F5: 1. | G5: VfB Bad Mergentheim | H5: 21 | I5: 3 | Q5: Unterland | R5: Punkte | S5: Q | V5: Hohenlohe | W5: Punkte | X5: Q
A6: 2. | B6: SV Heilbronn am Leinbach I | C6: 19 | D6: 2.375 | F6: 2. | G6: 1. FC Igersheim | H6: 18 | I6: 2.5714286 | P6: 1. | Q6: SGM Oedheim Kochertal I | R6: 19 | S6: 2.375 | T6: LS | U6: 1. | V6: VfB Bad Mergentheim | W6: 21 | X6: 3 | Y6: LS
A7: 3. | B7: SG Bad Wimpfen I | C7: 17 | D7: 2.125 | F7: 3. | G7: SGM Hengstfeld/Rot am See/Brettheim | H7: 15 | I7: 2.1428571 | P7: 2. | Q7: SV Heilbronn am Leinbach I | R7: 19 | S7: 2.375 | T7: LS | U7: 2. | V7: 1. FC Igersheim | W7: 18 | X7: 2.5714286 | Y7: LS
A8: 4. | B8: FSV Friedrichshaller SV | C8: 7 | D8: 0.875 | F8: 4. | G8: SGM TSV Ingelfingen/Gaisbach/Kupferzell | H8: 16 | I8: 2.2857143 | P8: 3. | Q8: SG Bad Wimpfen I | R8: 17 | S8: 2.125 | T8: LS | U8: 3. | V8: SGM Hengstfeld/Rot am See/Brettheim | W8: 15 | X8: 2.1428571 | Y8: LS
A9: 5. | B9: SV Schluchtern U17 | C9: 24 | D9: 3 | F9: 5. | G9: SGM SV Westernhausen/ Schöntal | H9: 15 | I9: 2.1428571 | P9: 4. | Q9: SGM TSV Neudenau Unteres Jagsttal I | R9: 17 | S9: 2.4285714 | T9: KS | U9: 4. | V9: SGM SpVgg Gammesfeld/Schrozberg/Bartenstein | W9: 10 | X9: 1.4285714 | Y9: KS
A10: 6. | B10: SGM TGV Eintracht Beilstein/Abstatt/Ilsfeld/Heinriet ABI | C10: 19 | D10: 2.375 | F10: 6. | G10: SGM VfL Mainhardt/Juniorteam MMB I | H10: 18 | I10: 3 | P10: 5. | Q10: SGM VfL Eberstadt EbErG | R10: 10 | S10: 1.25 | T10: KS | U10: 5. | V10: TV Niederstetten (flex) | W10: 9 | X10: 1.2857143 | Y10: KS
A11: 7. | B11: SGM SG Stetten-Kleingartach/Oberes Leintal I | C11: 16 | D11: 2 | F11: 7. | G11: SGM TSV Pfedelbach/Jugendteam TSV I | H11: 15 | I11: 2.5 | P11: 6. | Q11: FSV Friedrichshaller SV | R11: 7 | S11: 0.875 | T11: LS | U11: 6. | V11: SGM FC Creglingen/Bieberehren/Röttingen/Taubertal (flex) | W11: 4 | X11: 0.66666667 | Y11: KS
A12: 8. | B12: SGM Hausen Unteres Zabergäu I | C12: 13 | D12: 1.625 | F12: 8. | G12: SGM VfR Altenmünster/SV Onolzheim | H12: 18 | I12: 2.5714286 | P12: 7. | Q12: TSG Heilbronn | R12: 6 | S12: 0.75 | T12: KS | U12: 7. | V12: SGM SV Wachbach/TSV Althausen-Neunkirchen (flex) | W12: 3 | X12: 0.42857143 | Y12: KS
A13: 9. | B13: SGM Spfr. Lauffen Neckar/Zabergäu | C13: 13 | D13: 1.625 | F13: 9. | G13: SGM FC Langenburg/Blaufelden/Braunsbach/Dünsbach I | H13: 15 | I13: 2.1428571 | P13: 8. | Q13: TG Böckingen | R13: 6 | S13: 0.75 | T13: KS | U13: 8. | V13: SGM Weikersheim Vorbach-Tauber | W13: 0 | X13: 0 | Y13: KS
A14: 10. | B14: SV Leingarten | C14: 6 | D14: 0.75 | F14: 10. | G14: SV Tüngental | H14: 15 | I14: 2.1428571 | P14: 9. | Q14: VfL Obereisesheim | R14: 0 | S14: 0 | T14: KS
P15: 10. | Q15: SC Amorbach zg. | R15: 0 | U15: 1. | V15: SGM TSV Ingelfingen/Gaisbach/Kupferzell | W15: 16 | X15: 2.2857143 | Y15: LS
U16: 2. | V16: SGM TSV Neuenstein/Waldenburg | W16: 16 | X16: 2.2857143 | Y16: KS
A17: SL: | B17: Bernhard Nied | F17: SL: | G17: Bernhard Nied | K17: SL: | L17: Franz Schmitt | P17: 1. | Q17: SV Schluchtern U17 | R17: 24 | S17: 3 | T17: LS | U17: 3. | V17: SGM SV Westernhausen/ Schöntal | W17: 15 | X17: 2.1428571 | Y17: LS
A18: B-Junioren Kreisstaffel 1 | C18: Punkte | D18: Q | F18: B-Junioren Kreisstaffel 2 | H18: Punkte | I18: Q | K18: B-Junioren Kreisstaffel 3 | M18: Punkte | N18: Q | P18: 2. | Q18: SGM TGV Eintracht Beilstein/Abstatt/Ilsfeld/Heinriet ABI | R18: 19 | S18: 2.375 | T18: LS | U18: 4. | V18: SC Michelbach/Wald | W18: 13 | X18: 1.8571429 | Y18: KS
A19: 1. | B19: SGM TSV Neudenau Unteres Jagsttal I | C19: 17 | D19: 2.4285714 | F19: 1. | G19: SGM Obersulm (flex) | H19: 16 | I19: 2.2857143 | K19: 1. | L19: SGM TSV Neuenstein/Waldenburg | M19: 16 | N19: =VLOOKUP(L19,$V:$X,3,0) -> 2.2857143 | P19: 3. | Q19: SGM SG Stetten-Kleingartach/Oberes Leintal I | R19: 16 | S19: 2 | T19: LS | U19: 5. | V19: SGM TSV Niedernhall I / Kickers Mittleres Kochertal | W19: 13 | X19: 1.8571429 | Y19: KS
A20: 2. | B20: SGM VfL Eberstadt EbErG | C20: 10 | D20: 1.25 | F20: 2. | G20: SSV Auenstein | H20: 15 | I20: 2.1428571 | K20: 2. | L20: SC Michelbach/Wald | M20: 13 | N20: =VLOOKUP(L20,$V:$X,3,0) -> 1.8571429 | P20: 4. | Q20: SGM Hausen Unteres Zabergäu I | R20: 13 | S20: 1.625 | T20: LS | U20: 6. | V20: SGM TSV Pfedelbach/Jugendteam TSV II | W20: 6 | X20: 0.85714286 | Y20: KS
A21: 3. | B21: TSG Heilbronn | C21: 6 | D21: 0.75 | F21: 3. | G21: SGM Eibensbach/Cleebronn/Botenheim/Stockheim II | H21: 14 | I21: 2 | K21: 3. | L21: SGM TSV Niedernhall I / Kickers Mittleres Kochertal | M21: 13 | N21: =VLOOKUP(L21,$V:$X,3,0) -> 1.8571429 | P21: 5. | Q21: SGM Spfr. Lauffen Neckar/Zabergäu | R21: 13 | S21: 1.625 | T21: LS | U21: 7. | V21: SGM TSV Schwabbach/Brettachtal (flex) | W21: 1 | X21: 0.14285714
A22: 4. | B22: TG Böckingen | C22: 6 | D22: 0.75 | F22: 4. | G22: SC Böckingen | H22: 10 | I22: 1.4285714 | K22: 4. | L22: SGM SV Westheim / TSV Michelbach-Bilz / SV Rieden | M22: 9 | N22: =VLOOKUP(L22,$V:$X,3,0) -> 1.8 | P22: 6. | Q22: SV Leingarten | R22: 6 | S22: 0.75 | T22: LS | U22: 8. | V22: SGM TSV Ohrnberg / Zweiflingen | W22: 1 | X22: 0.14285714 | Y22: KS
A23: 5. | B23: VfL Obereisesheim | C23: 0 | D23: 0 | F23: 5. | G23: SGM SG Stetten-Kleingartach/Oberes Leintal II (flex) | H23: 9 | I23: 1.2857143 | K23: 5. | L23: SGM FC Langenburg/Blaufelden/Braunsbach/Dünsbach II | M23: 12 | N23: =VLOOKUP(L23,$V:$X,3,0) -> 2.4 | P23: 7. | Q23: Spfr Neckarwestheim II | R23: 6 | S23: 0.75 | T23: KS
A24: 6. | B24: Spfr Neckarwestheim II | C24: 6 | D24: 0.75 | F24: 6. | G24: SV Heilbronn am Leinbach II (flex) | H24: 7 | I24: 1 | K24: 6. | L24: SGM SpVgg Gammesfeld/Schrozberg/Bartenstein | M24: 10 | N24: =VLOOKUP(L24,$V:$X,3,0) -> 1.4285714 | P24: 8. | Q24: SGM Ellhofen Sulmtal | R24: 5 | S24: 0.625 | T24: KS | U24: 1. | V24: SGM VfL Mainhardt/Juniorteam MMB I | W24: 18 | X24: 3 | Y24: LS
A25: 7. | B25: SGM Ellhofen Sulmtal | C25: 5 | D25: 0.625 | F25: 7. | G25: TSV Talheim (flex) | H25: 1 | I25: 0.14285714 | K25: 7. | L25: SGM Gründelhardt-Oberspeltach/Honhardt/Obersontheim/Vellberg | M25: 15 | N25: =VLOOKUP(L25,$V:$X,3,0) -> 2.1428571 | P25: 9. | Q25: TSV Weinsberg | R25: 2 | S25: 0.25 | T25: KS | U25: 2. | V25: SGM TSV Pfedelbach/Jugendteam TSV I | W25: 15 | X25: 2.5 | Y25: LS
A26: 8. | B26: TSV Weinsberg | C26: 2 | D26: 0.25 | F26: 8. | G26: SGM TSV Neudenau Unteres Jagsttal II (flex) | H26: 9 | I26: 1.125 | K26: 8. | L26: SGM SV Ingersheim/SSV Stimpfach | M26: 10 | N26: =VLOOKUP(L26,$V:$X,3,0) -> 1.4285714 | U26: 3. | V26: SGM SV Westheim / TSV Michelbach-Bilz / SV Rieden | W26: 9 | X26: 1.8 | Y26: KS
A27: 9. | B27: SG Bad Wimpfen II | C27: 24 | D27: 3 | F27: 9. | G27: SGM Oedheim Kochertal II (flex) | H27: 9 | I27: 1.125 | K27: 9. | L27: TSG Kirchberg/Jagst | M27: 15 | N27: 3 | P27: 1. | Q27: SGM Obersulm (flex) | R27: 16 | S27: 2.2857143 | T27: KS | U27: 4. | V27: SSV Schwäbisch Hall | W27: 6 | X27: 1 | Y27: KS
A28: 10. | B28: TV Flein | C28: neu | D28: neu | F28: 10. | G28: FSV Friedrichshaller SV II | H28: neu | I28: neu | P28: 2. | Q28: SSV Auenstein | R28: 15 | S28: 2.1428571 | T28: KS | U28: 5. | V28: SC Steinbach | W28: 6 | X28: 1 | Y28: KS
P29: 3. | Q29: SGM Eibensbach/Cleebronn/Botenheim/Stockheim II | R29: 14 | S29: 2 | T29: KS | U29: 6. | V29: SGM Ottendorf / Eutendorf / SG Rottal | W29: 3 | X29: 0.6 | Y29: KS
P30: 4. | Q30: SC Böckingen | R30: 10 | S30: 1.4285714 | T30: KS | U30: 7. | V30: SGM TSV Hessental/TSV Sulzdorf | W30: 3 | X30: 0.5 | Y30: KS
A31: SL: | B31: Franz Schmitt | F31: SL: | G31: Franz Schmitt | K31: SL: | L31: Christian Reuter | P31: 5. | Q31: SGM SG Stetten-Kleingartach/Oberes Leintal II (flex) | R31: 9 | S31: 1.2857143 | T31: KS | U31: 8. | V31: TSV Gaildorf (flex) zg. | W31: 0
A32: B-Junioren Kreisstaffel 4 | C32: Punkte | D32: Q | F32: B-Junioren Kreisstaffel 5 (Doppelrunde) | H32: Punkte | I32: Q | K32: B-Junioren Kreisstaffel 6 | M32: Punkte | N32: Q | P32: 6. | Q32: SGM Hausen Unteres Zabergäu II (flex) | R32: 7 | S32: 1
A33: 1. | B33: SGM TSV Pfedelbach/Jugendteam TSV II (flex) | C33: 6 | D33: 0.85714286 | F33: 1. | G33: TV Niederstetten (flex) | H33: 9 | I33: 1.2857143 | K33: 1. | L33: SGM Westgartshausen/ Tiefenbach/Kressberg/Goldbach/Satteldorf | M33: 6 | N33: 0.85714286 | P33: 7. | Q33: SV Heilbronn am Leinbach II | R33: 7 | S33: 1 | T33: KS | U33: 1. | V33: SGM VfR Altenmünster/SV Onolzheim | W33: 18 | X33: 2.5714286 | Y33: LS
A34: 2. | B34: SGM TSV Ohrnberg / Zweiflingen | C34: 1 | D34: 0.14285714 | F34: 2. | G34: SGM FC Creglingen/Bieberehren/Röttingen/Taubertal (flex) | H34: 4 | I34: 0.66666667 | K34: 2. | L34: TSV Ilshofen (flex) | M34: 3 | N34: 0.42857143 | P34: 8. | Q34: TSV Talheim (flex) | R34: 1 | S34: 0.14285714 | T34: KS | U34: 2. | V34: SGM FC Langenburg/Blaufelden/Braunsbach/Dünsbach I | W34: 15 | X34: 2.1428571 | Y34: LS
A35: 3. | B35: SGM VfB Neuhütten/Wüstenrot/Neulautern (flex) | C35: 7 | D35: 1.4 | F35: 3. | G35: SGM SV Wachbach/TSV Althausen-Neunkirchen (flex) | H35: 3 | I35: 0.42857143 | K35: 3. | L35: SGM FC Matzenbach/TSV Unterdeufstetten (flex) | M35: 1 | N35: 0.2 | U35: 3. | V35: SGM Gründelhardt-Oberspeltach/Honhardt/Obersontheim/Vellberg | W35: 15 | X35: 2.1428571 | Y35: KS
A36: 4. | B36: SGM TSV Niedernhall II / Kickers Mittleres Kochertal (flex) | C36: 3 | D36: 0.6 | F36: 4. | G36: SGM Weikersheim Vorbach-Tauber (flex) | H36: 0 | I36: 0 | K36: 4. | L36: SGM Ottendorf / Eutendorf / SG Rottal | M36: 3 | N36: 0.6 | P36: 1. | Q36: SG Bad Wimpfen II | R36: 24 | S36: 3 | T36: KS | U36: 4. | V36: SV Tüngental | W36: 15 | X36: 2.1428571 | Y36: LS
A37: 5. | B37: SGM FV Künzelsau/SV Morsbach/SC Amrichshausen (flex) | C37: 0 | D37: 0 | K37: 5. | L37: SGM TSV Hessental/TSV Sulzdorf | M37: 3 | N37: 0.5 | P37: 2. | Q37: SGM Union Heilbronn / TSN 1969 II | R37: 12 | S37: 1.5 | U37: 5. | V37: SGM SV Ingersheim/SSV Stimpfach | W37: 10 | X37: 1.4285714 | Y37: KS
A38: 6. | B38: SGM TSV Brettach KoBra (flex) | C38: 6 | D38: 0.75 | K38: 6. | L38: SGM VfL Mainhardt/Juniorteam MMB II | M38: 7 | N38: 1.4 | P38: 3. | Q38: SGM TSV Neudenau Unteres Jagsttal II (flex) | R38: 9 | S38: 1.125 | T38: KS | U38: 6. | V38: SGM Westgartshausen/ Tiefenbach/Kressberg/Goldbach/Satteldorf | W38: 6 | X38: 0.85714286 | Y38: KS
K39: 7. | L39: SSV Schwäbisch Hall | M39: 6 | N39: 1 | P39: 4. | Q39: SGM Oedheim Kochertal II (flex) | R39: 9 | S39: 1.125 | T39: KS | U39: 7. | V39: TSV Ilshofen (flex) | W39: 3 | X39: 0.42857143 | Y39: KS
K40: 8. | L40: SC Steinbach | M40: 6 | N40: 1 | P40: 5. | Q40: SGM TSV Brettach KoBra (flex) | R40: 6 | S40: 0.75 | T40: KS | U40: 8. | V40: SGM FC Matzenbach/TSV Unterdeufstetten (flex) | W40: 1 | X40: 0.2 | Y40: KS
Q42: FSV Friedrichshaller SV II | R42: neu | S42: neu | T42: KS | U42: 1. | V42: TSG Kirchberg/Jagst (flex) | W42: 15 | X42: 3 | Y42: KS
Q43: TV Flein | R43: neu | S43: neu | T43: KS | U43: 2. | V43: SGM FC Langenburg/Blaufelden/Braunsbach/Dünsbach II | W43: 12 | X43: 2.4 | Y43: KS
U44: 3. | V44: SGM VfL Mainhardt/Juniorteam MMB II | W44: 7 | X44: 1.4 | Y44: KS
U45: 4. | V45: SGM VfB Neuhütten/Wüstenrot/Neulautern (flex) | W45: 7 | X45: 1.4 | Y45: KS
U46: 5. | V46: SGM TSV Niedernhall II / Kickers Mittleres Kochertal (flex) | W46: 3 | X46: 0.6 | Y46: KS
U47: 6. | V47: SGM FV Künzelsau/SV Morsbach/SC Amrichshausen (flex) | W47: 0 | X47: 0 | Y47: KS

Sheet C-Junioren
A1: Vorschlag Einteilung Rückrunde C-Junioren 2025/2026 | L1: Stand: 31.12.25 | Q1: keine Teilnahme Leistungsstaffel (Verzicht / flex / rückv. Spieler) | S1: LS | T1: =COUNTIF($T$6:T$52,S1) -> 10 | X1: LS | Y1: =COUNTIF($Y$6:$Y$52,X1) -> 10
Q2: Rückzug | S2: KS | T2: =COUNTIF($T$6:T$60,S2) -> 36 | X2: KS | Y2: =COUNTIF($Y$6:$Y$60,X2) -> 37
A3: SL: | B3: Peter Parys-Allweiler | F3: SL: | G3: Andreas Leitner | Q3: Änderung Mannschaftsstärke zur Rückrunde
A4: C-Junioren Leistungsstaffel 1 | C4: Punkte | D4: Q | F4: C-Junioren Leistungsstaffel 2 | H4: Punkte | I4: Q | Q4: stärkste Kreisstaffel
A5: 1. | B5: SG Bad Wimpfen | C5: =VLOOKUP(B5,$Q:$S,2,0) -> 19 | D5: =VLOOKUP(B5,$Q:$S,3,0) -> 2.7142857 | F5: 1. | G5: SGM FC Creglingen/Oberes Taubertal | H5: =VLOOKUP(G5,$V:$X,2,0) -> 21 | I5: =VLOOKUP(G5,$V:$X,3,0) -> 3 | Q5: Unterland | R5: Punkte | S5: Q | V5: Hohenlohe | W5: Punkte | X5: Q
A6: 2. | B6: SC Amorbach I | C6: =VLOOKUP(B6,$Q:$S,2,0) -> 15 | D6: =VLOOKUP(B6,$Q:$S,3,0) -> 2.1428571 | F6: 2. | G6: VfB Bad Mergentheim | H6: =VLOOKUP(G6,$V:$X,2,0) -> 18 | I6: =VLOOKUP(G6,$V:$X,3,0) -> 2.5714286 | P6: 1. | Q6: SG Bad Wimpfen | R6: 19 | S6: 2.7142857 | T6: LS | U6: 1. | V6: SGM FC Creglingen/Oberes Taubertal | W6: 21 | X6: 3 | Y6: LS
A7: 3. | B7: SGM Union Heilbronn / TSN 1969 II | C7: =VLOOKUP(B7,$Q:$S,2,0) -> 12 | D7: =VLOOKUP(B7,$Q:$S,3,0) -> 1.7142857 | F7: 3. | G7: SGM TSV Weißbach I / Kickers Mittleres Kochertal | H7: =VLOOKUP(G7,$V:$X,2,0) -> 19 | I7: =VLOOKUP(G7,$V:$X,3,0) -> 2.7142857 | P7: 2. | Q7: SC Amorbach I | R7: 15 | S7: 2.1428571 | T7: LS | U7: 2. | V7: VfB Bad Mergentheim | W7: 18 | X7: 2.5714286 | Y7: LS
A8: 4. | B8: SGM Dahenfeld/Oedheim I | C8: =VLOOKUP(B8,$Q:$S,2,0) -> 18 | D8: =VLOOKUP(B8,$Q:$S,3,0) -> 2.5714286 | F8: 4. | G8: SGM TSV Bitzfeld/Brettachtal I | H8: =VLOOKUP(G8,$V:$X,2,0) -> 16 | I8: =VLOOKUP(G8,$V:$X,3,0) -> 2.2857143 | P8: 3. | Q8: SGM Union Heilbronn / TSN 1969 II | R8: 12 | S8: 1.7142857 | T8: LS | U8: 3. | V8: TV Niederstetten | W8: 13 | X8: 1.8571429 | Y8: KS
A9: 5. | B9: SGM Tiefenbach H-U-T-H | C9: =VLOOKUP(B9,$Q:$S,2,0) -> 18 | D9: =VLOOKUP(B9,$Q:$S,3,0) -> 2.5714286 | F9: 5. | G9: SGM TSG Waldenburg/TSV Neuenstein I | H9: =VLOOKUP(G9,$V:$X,2,0) -> 15 | I9: =VLOOKUP(G9,$V:$X,3,0) -> 2.1428571 | P9: 4. | Q9: FSV Friedrichshaller SV | R9: 10 | S9: 1.4285714 | T9: KS | U9: 4. | V9: SV Mulfingen (flex) | W9: 12 | X9: 1.7142857 | Y9: KS
A10: 6. | B10: SGM Willsbach I | C10: =VLOOKUP(B10,$Q:$S,2,0) -> 13 | D10: =VLOOKUP(B10,$Q:$S,3,0) -> 1.8571429 | F10: 6. | G10: Spfr Schwäbisch Hall II | H10: =VLOOKUP(G10,$V:$X,2,0) -> 19 | I10: =VLOOKUP(G10,$V:$X,3,0) -> 2.7142857 | P10: 5. | Q10: SGM Heinsheim/Sommerberg | R10: 9 | S10: 1.2857143 | T10: KS | U10: 5. | V10: SGM TSV Althausen-Neunkirchen/SV Wachbach | W10: 7 | X10: 1 | Y10: KS
A11: 7. | B11: SGM Spvgg Möckmühl Unteres Jagsttal I | C11: =VLOOKUP(B11,$Q:$S,2,0) -> 12 | D11: =VLOOKUP(B11,$Q:$S,3,0) -> 1.7142857 | F11: 7. | G11: SGM TSV Sulzdorf/TSV Hessental I | H11: =VLOOKUP(G11,$V:$X,2,0) -> 18 | I11: =VLOOKUP(G11,$V:$X,3,0) -> 2.5714286 | P11: 6. | Q11: VfL Obereisesheim | R11: 7 | S11: 1 | T11: KS | U11: 6. | V11: 1. FC Igersheim | W11: 7 | X11: 1 | Y11: KS
A12: 8. | B12: SGM FSV Schwaigern/Oberes Leintal I | C12: =VLOOKUP(B12,$Q:$S,2,0) -> 21 | D12: =VLOOKUP(B12,$Q:$S,3,0) -> 3 | F12: 8. | G12: SGM TSV Michelbach/Bilz/SV Westheim/SV Rieden I | H12: =VLOOKUP(G12,$V:$X,2,0) -> 15 | I12: =VLOOKUP(G12,$V:$X,3,0) -> 2.1428571 | P12: 7. | Q12: TSG Heilbronn I | R12: 6 | S12: 0.85714286 | T12: KS | U12: 7. | V12: SGM Weikersheim Vorbach-Tauber (flex) | W12: 3 | X12: 0.42857143 | Y12: KS
A13: 9. | B13: SGM TSV Meimsheim Zabergäu | C13: =VLOOKUP(B13,$Q:$S,2,0) -> 16 | D13: =VLOOKUP(B13,$Q:$S,3,0) -> 2.2857143 | F13: 9. | G13: TSV Ilshofen | H13: =VLOOKUP(G13,$V:$X,2,0) -> 22 | I13: =VLOOKUP(G13,$V:$X,3,0) -> 2.75 | P13: 8. | Q13: SGM Gundelsheim Krumme Ebene am Neckar | R13: 0 | S13: 0 | T13: KS | U13: 8. | V13: SGM Billingsbach / Blaufelden / Wiesenbach | W13: 1 | X13: 0.14285714 | Y13: KS
A14: 10. | B14: SGM SC Ilsfeld/Abstatt/Beilstein/Heinriet ABI I | C14: =VLOOKUP(B14,$Q:$S,2,0) -> 13 | D14: =VLOOKUP(B14,$Q:$S,3,0) -> 1.8571429 | F14: 10. | G14: SGM Obersontheim/Vellberg/Gründelhardt/Honhardt I | H14: =VLOOKUP(G14,$V:$X,2,0) -> 19 | I14: =VLOOKUP(G14,$V:$X,3,0) -> 2.375
P15: 1. | Q15: SGM Dahenfeld/Oedheim I | R15: 18 | S15: 2.5714286 | T15: LS | U15: 1. | V15: SGM TSV Weißbach I / Kickers Mittleres Kochertal | W15: 19 | X15: 2.7142857 | Y15: LS
P16: 2. | Q16: SGM Tiefenbach H-U-T-H | R16: 18 | S16: 2.5714286 | T16: LS | U16: 2. | V16: SGM TSV Bitzfeld/Brettachtal I | W16: 16 | X16: 2.2857143 | Y16: LS
A17: SL: | B17: Dieter Schaaf | F17: SL: | G17: Dieter Schaaf | K17: SL: | L17: Peter Parys-Allweiler | P17: 3. | Q17: SGM Willsbach I | R17: 13 | S17: 1.8571429 | T17: LS | U17: 3. | V17: SGM TSG Waldenburg/TSV Neuenstein I | W17: 15 | X17: 2.1428571 | Y17: LS
A18: C-Junioren Kreisstaffel 1 | C18: Punkte | D18: Q | F18: C-Junioren Kreisstaffel 2 | H18: Punkte | I18: Q | K18: C-Junioren Kreisstaffel 3 | M18: Punkte | N18: Q | P18: 4. | Q18: SGM Spvgg Möckmühl Unteres Jagsttal I | R18: 12 | S18: 1.7142857 | T18: LS | U18: 4. | V18: SGM VfB Neuhütten/Wüstenrot/Neulautern | W18: 10 | X18: 1.4285714 | Y18: KS
A19: 1. | B19: FSV Friedrichshaller SV | C19: =VLOOKUP(B19,$Q:$S,2,0) -> 10 | D19: =VLOOKUP(B19,$Q:$S,3,0) -> 1.4285714 | F19: 1. | G19: TSG Heilbronn I | H19: =VLOOKUP(G19,$Q:$S,2,0) -> 6 | I19: =VLOOKUP(G19,$Q:$S,3,0) -> 0.85714286 | J19: qs1 | K19: 1. | L19: SV Leingarten | M19: =VLOOKUP(L19,$Q:$S,2,0) -> 3 | N19: =VLOOKUP(L19,$Q:$S,3,0) -> 0.42857143 | O19: qs3 | P19: 5. | Q19: SGM TSV Hardthausen KoBra | R19: 7 | S19: 1 | T19: KS | U19: 5. | V19: SGM DJK-TSV Bieringen/Schöntal | W19: 10 | X19: 1.4285714 | Y19: KS
A20: 2. | B20: SGM Heinsheim/Sommerberg | C20: =VLOOKUP(B20,$Q:$S,2,0) -> 9 | D20: =VLOOKUP(B20,$Q:$S,3,0) -> 1.2857143 | F20: 2. | G20: SGM TSV Erlenbach EbErG I | H20: =VLOOKUP(G20,$Q:$S,2,0) -> 6 | I20: =VLOOKUP(G20,$Q:$S,3,0) -> 0.85714286 | J20: qs2 | K20: 2. | L20: SGM Pfaffenhofen / Oberes Zabergäu | M20: =VLOOKUP(L20,$Q:$S,2,0) -> 0 | N20: =VLOOKUP(L20,$Q:$S,3,0) -> 0 | O20: qs3 | P20: 6. | Q20: SGM TSV Erlenbach EbErG I | R20: 6 | S20: 0.85714286 | T20: KS | U20: 6. | V20: TSG Öhringen | W20: 8 | X20: 1.1428571 | Y20: KS
A21: 3. | B21: VfL Obereisesheim | C21: =VLOOKUP(B21,$Q:$S,2,0) -> 7 | D21: =VLOOKUP(B21,$Q:$S,3,0) -> 1 | F21: 3. | G21: TSV Weinsberg | H21: =VLOOKUP(G21,$Q:$S,2,0) -> 6 | I21: =VLOOKUP(G21,$Q:$S,3,0) -> 0.85714286 | J21: qs2 | K21: 3. | L21: SGM FSV Schwaigern/Oberes Leintal II | M21: =VLOOKUP(L21,$Q:$S,2,0) -> 13 | N21: =VLOOKUP(L21,$Q:$S,3,0) -> 2.1666667 | O21: qs8 | P21: 7. | Q21: TSV Weinsberg | R21: 6 | S21: 0.85714286 | T21: KS | U21: 7. | V21: SGM TSV Zweiflingen/Ohrnberg | W21: 3 | X21: 0.42857143 | Y21: KS
A22: 4. | B22: SGM TSV Hardthausen KoBra | C22: =VLOOKUP(B22,$Q:$S,2,0) -> 7 | D22: =VLOOKUP(B22,$Q:$S,3,0) -> 1 | F22: 4. | G22: TSV Talheim (flex) | H22: =VLOOKUP(G22,$Q:$S,2,0) -> 18 | I22: =VLOOKUP(G22,$Q:$S,3,0) -> 3 | J22: qs9 | K22: 4. | L22: SGM MassenbachHausen (flex) | M22: =VLOOKUP(L22,$Q:$S,2,0) -> 11 | N22: =VLOOKUP(L22,$Q:$S,3,0) -> 1.8333333 | O22: qs8 | P22: 8. | Q22: SC Amorbach II | R22: 3 | S22: 0.42857143 | T22: KS | U22: 8. | V22: SGM FV Künzelsau / SV Morsbach / SC Amrichshausen | W22: 0 | X22: 0 | Y22: KS
A23: 5. | B23: TV Flein | C23: =VLOOKUP(B23,$Q:$S,2,0) -> 12 | D23: =VLOOKUP(B23,$Q:$S,3,0) -> 1.7142857 | F23: 5. | G23: Aramäer Heilbronn | H23: 15 | I23: 2.5 | J23: qs9 | K23: 5. | L23: SGM Nordhausen Unteres Zabergäu | M23: =VLOOKUP(L23,$Q:$S,2,0) -> 10 | N23: =VLOOKUP(L23,$Q:$S,3,0) -> 1.6666667 | O23: qs8
A24: 6. | B24: TG Böckingen | C24: =VLOOKUP(B24,$Q:$S,2,0) -> 10 | D24: =VLOOKUP(B24,$Q:$S,3,0) -> 1.4285714 | F24: 6. | G24: SGM Auenstein/Untergruppenbach | H24: =VLOOKUP(G24,$Q:$S,2,0) -> 10 | I24: =VLOOKUP(G24,$Q:$S,3,0) -> 1.6666667 | J24: qs9 | K24: 6. | L24: SGM Kirchhausen (flex) | M24: 6 | N24: 1 | O24: qs8 | P24: 1. | Q24: SGM FSV Schwaigern/Oberes Leintal I | R24: 21 | S24: 3 | T24: LS | U24: 1. | V24: Spfr Schwäbisch Hall II | W24: 19 | X24: 2.7142857 | Y24: LS
A25: 7. | B25: Spfr Lauffen | C25: =VLOOKUP(B25,$Q:$S,2,0) -> 7 | D25: =VLOOKUP(B25,$Q:$S,3,0) -> 1 | F25: 7. | G25: SV Heilbronn am Leinbach III | H25: =VLOOKUP(G25,$Q:$S,2,0) -> 10 | I25: =VLOOKUP(G25,$Q:$S,3,0) -> 1.6666667 | J25: qs9 | K25: 7. | L25: SGM Botenheim/Cleebronn/Eibensbach/Stockheim II (flex) | M25: =VLOOKUP(L25,$Q:$S,2,0) -> 3 | N25: =VLOOKUP(L25,$Q:$S,3,0) -> 0.5 | O25: qs8 | P25: 2. | Q25: SGM TSV Meimsheim Zabergäu | R25: 16 | S25: 2.2857143 | T25: LS | U25: 2. | V25: SGM TSV Sulzdorf/TSV Hessental I | W25: 18 | X25: 2.5714286 | Y25: LS
A26: 8. | B26: SV Heilbronn am Leinbach II | C26: 18 | D26: 3 | F26: 8. | G26: SC Böckingen (flex) | H26: =VLOOKUP(G26,$Q:$S,2,0) -> 1 | I26: =VLOOKUP(G26,$Q:$S,3,0) -> 0.16666667 | J26: qs9 | K26: 8. | L26: SGM Güglingen/Frauenzimmern (flex) | M26: =VLOOKUP(L26,$Q:$S,2,0) -> 0 | N26: =VLOOKUP(L26,$Q:$S,3,0) -> 0 | O26: qs8 | P26: 3. | Q26: SGM SC Ilsfeld/Abstatt/Beilstein/Heinriet ABI I | R26: 13 | S26: 1.8571429 | T26: LS | U26: 3. | V26: SGM TSV Michelbach/Bilz/SV Westheim/SV Rieden I | W26: 15 | X26: 2.1428571 | Y26: LS
A27: 9. | B27: SGM Löwenstein Sulmtal | C27: 16 | D27: 2.67 | F27: 9. | G27: Sport-Union Neckarsulm II | H27: =VLOOKUP(G27,$Q:$S,2,0) -> neu | I27: =VLOOKUP(G27,$Q:$S,3,0) -> neu | P27: 4. | Q27: TV Flein | R27: 12 | S27: 1.7142857 | T27: KS | U27: 4. | V27: SC Steinbach | W27: 12 | X27: 1.7142857 | Y27: KS
A28: 10. | B28: VfR Heilbronn 96/18 III | C28: neu | D28: neu | P28: 5. | Q28: TG Böckingen | R28: 10 | S28: 1.4285714 | T28: KS | U28: 5. | V28: SSV Schwäbisch Hall I | W28: 7 | X28: 1 | Y28: KS
P29: 6. | Q29: Spfr Lauffen | R29: 7 | S29: 1 | T29: KS | U29: 6. | V29: SGM Fichtenberg/Rottal | W29: 6 | X29: 0.85714286 | Y29: KS
P30: 7. | Q30: SV Leingarten | R30: 3 | S30: 0.42857143 | T30: KS | U30: 7. | V30: SGM Eutendorf/Ottendorf | W30: 6 | X30: 0.85714286 | Y30: KS
A31: SL: | B31: Peter Parys-Allweiler | F31: SL: | G31: Andreas Leitner | K31: SL: | L31: Andreas Leitner | P31: 8. | Q31: SGM Pfaffenhofen / Oberes Zabergäu | R31: 0 | S31: 0 | T31: KS | U31: 8. | V31: TSV Gaildorf | W31: 0 | X31: 0 | Y31: KS
A32: C-Junioren Kreisstaffel 4 | C32: Punkte | D32: Q | F32: C-Junioren Kreisstaffel 5 | H32: Punkte | I32: Q | K32: C-Junioren Kreisstaffel 6 | M32: Punkte | N32: Q | P32: xxx | Q32: xxxxxxxxxxxxxxxxxxxxxxxxxxxxxxxxxxxxxxxxxxxxx | R32: xxxxxx | S32: xxxx
A33: 1. | B33: SGM Gundelsheim Krumme Ebene am Neckar | C33: =VLOOKUP(B33,$Q:$S,2,0) -> 0 | D33: =VLOOKUP(B33,$Q:$S,3,0) -> 0 | E33: qs1 | F33: 1. | G33: TV Niederstetten | H33: =VLOOKUP(G33,$V:$X,2,0) -> 13 | I33: =VLOOKUP(G33,$V:$X,3,0) -> 1.8571429 | J33: qs4 | K33: 1. | L33: TSG Öhringen | M33: =VLOOKUP(L33,$V:$X,2,0) -> 8 | N33: =VLOOKUP(L33,$V:$X,3,0) -> 1.1428571 | O33: qs4 | P33: 1. | Q33: SV Heilbronn am Leinbach II | R33: 18 | S33: 3 | T33: KS | U33: 1. | V33: TSV Ilshofen | W33: 22 | X33: 2.75 | Y33: LS
A34: 2. | B34: SC Amorbach II | C34: =VLOOKUP(B34,$Q:$S,2,0) -> 3 | D34: =VLOOKUP(B34,$Q:$S,3,0) -> 0.42857143 | E34: qs2 | F34: 2. | G34: SV Mulfingen (flex) | H34: =VLOOKUP(G34,$V:$X,2,0) -> 12 | I34: =VLOOKUP(G34,$V:$X,3,0) -> 1.7142857 | J34: qs4 | K34: 2. | L34: SGM TSV Zweiflingen/Ohrnberg (flex) | M34: 3 | N34: 0.42857143 | O34: qs4 | P34: 2. | Q34: SGM FSV Schwaigern/Oberes Leintal II | R34: 13 | S34: 2.1666667 | T34: KS | U34: 2. | V34: SGM Obersontheim/Vellberg/Gründelhardt/Honhardt I | W34: 19 | X34: 2.375 | Y34: LS
A35: 3. | B35: TSG Heilbronn II | C35: =VLOOKUP(B35,$Q:$S,2,0) -> 6 | D35: =VLOOKUP(B35,$Q:$S,3,0) -> 1 | E35: qs9 | F35: 3. | G35: SGM VfB Neuhütten/Wüstenrot/Neulautern | H35: =VLOOKUP(G35,$V:$X,2,0) -> 10 | I35: =VLOOKUP(G35,$V:$X,3,0) -> 1.4285714 | J35: qs5 | K35: 3. | L35: SGM FV Künzelsau / SV Morsbach / SC Amrichshausen | M35: =VLOOKUP(L35,$V:$X,2,0) -> 0 | N35: =VLOOKUP(L35,$V:$X,3,0) -> 0 | O35: qs4 | P35: 3. | Q35: SGM MassenbachHausen (flex) | R35: 11 | S35: 1.8333333 | T35: KS | U35: 3. | V35: SGM Rot am See/Brettheim/Hengstfeld | W35: 16 | X35: 2 | Y35: KS
A36: 4. | B36: SGM Union Heilbronn / TSN 1969 III (flex) | C36: =VLOOKUP(B36,$Q:$S,2,0) -> 1 | D36: =VLOOKUP(B36,$Q:$S,3,0) -> 0.16666667 | E36: qs9 | F36: 4. | G36: SGM DJK-TSV Bieringen/Schöntal | H36: =VLOOKUP(G36,$V:$X,2,0) -> 10 | I36: =VLOOKUP(G36,$V:$X,3,0) -> 1.4285714 | J36: qs5 | K36: 4. | L36: SGM SSV Gaisbach/Kupferzell/Ingelfingen II | M36: =VLOOKUP(L36,$V:$X,2,0) -> 18 | N36: =VLOOKUP(L36,$V:$X,3,0) -> 3 | O36: qs11 | P36: 4. | Q36: SGM Nordhausen Unteres Zabergäu | R36: 10 | S36: 1.6666667 | T36: KS | U36: 4. | V36: SGM VfR Altenmünster/SV Onolzheim | W36: 14 | X36: 1.75 | Y36: KS
A37: 5. | B37: SGM Spvgg Möckmühl Unteres Jagsttal II | C37: =VLOOKUP(B37,$Q:$S,2,0) -> 12 | D37: =VLOOKUP(B37,$Q:$S,3,0) -> 2 | E37: qs10 | F37: 5. | G37: SC Steinbach | H37: =VLOOKUP(G37,$V:$X,2,0) -> 12 | I37: =VLOOKUP(G37,$V:$X,3,0) -> 1.7142857 | J37: qs6 | K37: 5. | L37: SC Michelbach/Wald | M37: =VLOOKUP(L37,$V:$X,2,0) -> 13 | N37: =VLOOKUP(L37,$V:$X,3,0) -> 2.1666667 | O37: qs11 | P37: 5. | Q37: SGM Kirchhausen | R37: 6 | S37: 1 | T37: KS | U37: 5. | V37: SGM TSV Gerabronn/Dünsbach/Langenburg | W37: 12 | X37: 1.5 | Y37: KS
A38: 6. | B38: SGM Neuenstadt | C38: =VLOOKUP(B38,$Q:$S,2,0) -> 7 | D38: =VLOOKUP(B38,$Q:$S,3,0) -> 1.1666667 | E38: qs10 | F38: 6. | G38: SSV Schwäbisch Hall I | H38: =VLOOKUP(G38,$V:$X,2,0) -> 7 | I38: =VLOOKUP(G38,$V:$X,3,0) -> 1 | J38: qs6 | K38: 6. | L38: SGM TSV Weißbach II / Kickers Mittleres Kochertal | M38: =VLOOKUP(L38,$V:$X,2,0) -> 10 | N38: =VLOOKUP(L38,$V:$X,3,0) -> 1.6666667 | O38: qs11 | P38: 6. | Q38: SGM Botenheim/Cleebronn/Eibensbach/Stockheim II (flex) | R38: 3 | S38: 0.5 | T38: KS | U38: 6. | V38: SGM SV Ingersheim/SSV Stimpfach | W38: 10 | X38: 1.25 | Y38: KS
A39: 7. | B39: SGM TSV Erlenbach EbErG II (flex) | C39: =VLOOKUP(B39,$Q:$S,2,0) -> 6 | D39: =VLOOKUP(B39,$Q:$S,3,0) -> 1 | E39: qs10 | F39: 7. | G39: SGM Rot am See/Brettheim/Hengstfeld | H39: =VLOOKUP(G39,$V:$X,2,0) -> 16 | I39: =VLOOKUP(G39,$V:$X,3,0) -> 2 | J39: qs7 | K39: 7. | L39: SGM TSG Waldenburg/TSV Neuenstein II (flex) | M39: =VLOOKUP(L39,$V:$X,2,0) -> 10 | N39: =VLOOKUP(L39,$V:$X,3,0) -> 1.6666667 | O39: qs11 | P39: 7. | Q39: SGM Güglingen/Frauenzimmern (flex) | R39: 0 | S39: 0 | T39: KS | U39: 7. | V39: TSG Kirchberg/Jagst I | W39: 6 | X39: 0.75 | Y39: KS
A40: 8. | B40: SGM Dahenfeld/Oedheim II (flex) | C40: =VLOOKUP(B40,$Q:$S,2,0) -> 4 | D40: =VLOOKUP(B40,$Q:$S,3,0) -> 0.66666667 | E40: qs10 | F40: 8. | G40: SGM VfR Altenmünster/SV Onolzheim | H40: =VLOOKUP(G40,$V:$X,2,0) -> 14 | I40: =VLOOKUP(G40,$V:$X,3,0) -> 1.75 | J40: qs7 | K40: 8. | L40: SGM TSV Pfedelbach/Jugendteam TSV II (flex) | M40: =VLOOKUP(L40,$V:$X,2,0) -> 0 | N40: =VLOOKUP(L40,$V:$X,3,0) -> 0 | O40: qs11 | U40: 8. | V40: SGM SpVgg Gammesfeld/Bartenstein/Schrozberg | W40: 5 | X40: 0.625 | Y40: KS
A41: 9. | B41: SGM Willsbach II (flex) | C41: =VLOOKUP(B41,$Q:$S,2,0) -> 4 | D41: =VLOOKUP(B41,$Q:$S,3,0) -> 0.66666667 | E41: qs10 | F41: 9. | G41: SGM TSV Gerabronn/Dünsbach/Langenburg | H41: =VLOOKUP(G41,$V:$X,2,0) -> 12 | I41: =VLOOKUP(G41,$V:$X,3,0) -> 1.5 | J41: qs7 | K41: 9. | L41: SGM TSV Bitzfeld/Brettachtal II | M41: 12 | N41: 2 | O41: qs10 | P41: 1. | Q41: TSV Talheim (flex) | R41: 18 | S41: 3 | T41: KS | U41: 9. | V41: SGM Westgartshausen/Kressberg/Goldbach (flex) | W41: 0 | X41: 0 | Y41: KS
F42: 10. | G42: SGM SV Ingersheim/SSV Stimpfach | H42: =VLOOKUP(G42,$V:$X,2,0) -> 10 | I42: =VLOOKUP(G42,$V:$X,3,0) -> 1.25 | J42: qs7 | P42: 2. | Q42: Aramäer Heilbronn (flex) | R42: 15 | S42: 2.5 | T42: KS
P43: 3. | Q43: SGM Auenstein/Untergruppenbach | R43: 10 | S43: 1.6666667 | T43: KS | U43: 1. | V43: SGM SSV Gaisbach/Kupferzell/Ingelfingen II | W43: 18 | X43: 3 | Y43: KS
P44: 4. | Q44: SV Heilbronn am Leinbach III | R44: 10 | S44: 1.6666667 | T44: KS | U44: 2. | V44: SC Michelbach/Wald | W44: 13 | X44: 2.1666667 | Y44: KS
A45: SL: | B45: Christian Reuter | F45: SL: | G45: Christian Reuter | P45: 5. | Q45: TSG Heilbronn II | R45: 6 | S45: 1 | T45: KS | U45: 3. | V45: SGM TSV Weißbach II / Kickers Mittleres Kochertal | W45: 10 | X45: 1.6666667 | Y45: KS
A46: C-Junioren Kreisstaffel 7 | C46: Punkte | D46: Q | F46: C-Junioren Kreisstaffel 8 | H46: Punkte | I46: Q | P46: 6. | Q46: SC Böckingen (flex) | R46: 1 | S46: 0.16666667 | T46: KS | U46: 4. | V46: SGM TSG Waldenburg/TSV Neuenstein II (flex) | W46: 10 | X46: 1.6666667 | Y46: KS
A47: 1. | B47: SGM Fichtenberg/Rottal | C47: =VLOOKUP(B47,$V:$X,2,0) -> 6 | D47: =VLOOKUP(B47,$V:$X,3,0) -> 0.85714286 | E47: qs6 | F47: 1. | G47: SGM TSV Althausen-Neunkirchen/SV Wachbach | H47: =VLOOKUP(G47,$V:$X,2,0) -> 7 | I47: =VLOOKUP(G47,$V:$X,3,0) -> 1 | J47: qs4 | P47: 7. | Q47: SGM Union Heilbronn / TSN 1969 III (flex) | R47: 1 | S47: 0.16666667 | T47: KS | U47: 5. | V47: TSV Braunsbach | W47: 5 | X47: 0.83333333 | Y47: KS
A48: 2. | B48: SGM Eutendorf/Ottendorf | C48: =VLOOKUP(B48,$V:$X,2,0) -> 6 | D48: =VLOOKUP(B48,$V:$X,3,0) -> 0.85714286 | E48: qs6 | F48: 2. | G48: 1. FC Igersheim | H48: =VLOOKUP(G48,$V:$X,2,0) -> 7 | I48: =VLOOKUP(G48,$V:$X,3,0) -> 1 | J48: qs4 | U48: 6. | V48: SSV Schwäbisch Hall II | W48: 4 | X48: 0.66666667 | Y48: KS
A49: 3. | B49: TSV Gaildorf | C49: =VLOOKUP(B49,$V:$X,2,0) -> 0 | D49: =VLOOKUP(B49,$V:$X,3,0) -> 0 | E49: qs6 | F49: 3. | G49: SGM Weikersheim Vorbach-Tauber (flex) | H49: =VLOOKUP(G49,$V:$X,2,0) -> 3 | I49: =VLOOKUP(G49,$V:$X,3,0) -> 0.42857143 | J49: qs4 | P49: 1. | Q49: SGM Löwenstein Sulmtal | R49: 16 | S49: 2.6666667 | T49: KS | U49: 7. | V49: SGM TSV Pfedelbach/Jugendteam TSV II (flex) | W49: 0 | X49: 0 | Y49: KS
A50: 4. | B50: SSV Schwäbisch Hall II | C50: =VLOOKUP(B50,$V:$X,2,0) -> 4 | D50: =VLOOKUP(B50,$V:$X,3,0) -> 0.66666667 | E50: qs11 | F50: 4. | G50: SGM Billingsbach / Blaufelden / Wiesenbach | H50: =VLOOKUP(G50,$V:$X,2,0) -> 1 | I50: =VLOOKUP(G50,$V:$X,3,0) -> 0.14285714 | J50: qs4 | P50: 2. | Q50: SGM TSV Bitzfeld/Brettachtal II | R50: 12 | S50: 2
A51: 5. | B51: SGM Obersontheim/Vellberg/Gründelhardt/Honhardt II (flex) | C51: 13 | D51: 2.6 | E51: qs12 | F51: 5. | G51: TSG Kirchberg/Jagst I | H51: =VLOOKUP(G51,$V:$X,2,0) -> 6 | I51: =VLOOKUP(G51,$V:$X,3,0) -> 0.75 | J51: qs7 | P51: 3. | Q51: SGM Spvgg Möckmühl Unteres Jagsttal II | R51: 12 | S51: 2 | T51: KS | U51: 1. | V51: SGM Obersontheim/Vellberg/Gründelhardt/Honhardt II | W51: 13 | X51: 2.6 | Y51: KS
A52: 6. | B52: SGM Bühlertann/Bühlerzell II | C52: =VLOOKUP(B52,$V:$X,2,0) -> 12 | D52: =VLOOKUP(B52,$V:$X,3,0) -> 2.4 | E52: qs12 | F52: 6. | G52: SGM SpVgg Gammesfeld/Bartenstein/Schrozberg | H52: =VLOOKUP(G52,$V:$X,2,0) -> 5 | I52: =VLOOKUP(G52,$V:$X,3,0) -> 0.625 | J52: qs7 | P52: 4. | Q52: SGM Neuenstadt | R52: 7 | S52: 1.1666667 | T52: KS | U52: 2. | V52: SGM Bühlertann/Bühlerzell II | W52: 12 | X52: 2.4 | Y52: KS
A53: 7. | B53: SGM TSV Sulzdorf/TSV Hessental II (flex) | C53: =VLOOKUP(B53,$V:$X,2,0) -> 6 | D53: =VLOOKUP(B53,$V:$X,3,0) -> 1.2 | E53: qs12 | F53: 7. | G53: SGM Westgartshausen/Kressberg/Goldbach (flex) | H53: =VLOOKUP(G53,$V:$X,2,0) -> 0 | I53: =VLOOKUP(G53,$V:$X,3,0) -> 0 | J53: qs7 | P53: 5. | Q53: SGM TSV Erlenbach EbErG II (flex) | R53: 6 | S53: 1 | T53: KS | U53: 3. | V53: SpVgg Satteldorf II | W53: 6 | X53: 1.2 | Y53: KS
A54: 8. | B54: SGM TSV Michelbach/Bilz/SV Westheim/SV Rieden II (flex) | C54: =VLOOKUP(B54,$V:$X,2,0) -> 2 | D54: =VLOOKUP(B54,$V:$X,3,0) -> 0.4 | E54: qs12 | F54: 8. | G54: TSV Braunsbach | H54: =VLOOKUP(G54,$V:$X,2,0) -> 5 | I54: =VLOOKUP(G54,$V:$X,3,0) -> 0.83333333 | J54: qs11 | P54: 6. | Q54: SGM Dahenfeld/Oedheim II (flex) | R54: 4 | S54: 0.66666667 | T54: KS | U54: 4. | V54: SGM TSV Sulzdorf/TSV Hessental II (flex) | W54: 6 | X54: 1.2 | Y54: KS
A55: 9. | B55: SGM SC Bibersfeld / Juniorteam MMB II (flex) | C55: =VLOOKUP(B55,$V:$X,2,0) -> neu | D55: =VLOOKUP(B55,$V:$X,3,0) -> neu | F55: 9. | G55: SpVgg Satteldorf II (flex) | H55: 6 | I55: 1.2 | J55: qs12 | P55: 7. | Q55: SGM Willsbach II (flex) | R55: 4 | S55: 0.66666667 | T55: KS | U55: 5. | V55: TSG Kirchberg/Jagst II (flex) | W55: 4 | X55: 0.8
U56: 6. | V56: SGM TSV Michelbach/Bilz/SV Westheim/SV Rieden II (flex) | W56: 2 | X56: 0.4 | Y56: KS
Q57: Sport-Union Neckarsulm II | R57: neu | S57: neu | T57: KS
Q58: VfR Heilbronn 96/18 III | R58: neu | S58: neu | T58: KS | V58: SGM SC Bibersfeld / Juniorteam MMB II (flex) | W58: neu | X58: neu | Y58: KS
V59: SGM TSV Bitzfeld/Brettachtal II | W59: 12 | X59: 2 | Y59: KS

Sheet D-Junioren
A1: Vorschlag Einteilung Rückrunde D-Junioren 2025/2026 | L1: Stand: 07.01.26 | Q1: keine Teilnahme Leistungsstaffel (Verzicht / flex / rückv. Spieler) | S1: BS | T1: =COUNTIF($T$8:$T$120,S1) -> 10 | X1: BS | Y1: =COUNTIF($Y$8:$Y$120,X1) -> 8
Q2: Rückzug | S2: LS | T2: =COUNTIF($T$8:$T$120,S2) -> 8 | X2: LS | Y2: =COUNTIF($Y$8:$Y$120,X2) -> 8
A3: SL: | B3: Alexander Ergenzinger | F3: SL: | G3: Michael Schmelzle | Q3: Änderung Mannschaftsstärke zur Rückrunde | S3: KS1 | T3: =COUNTIF($T$8:$T$120,S3) -> 32 | U3: 4x8 | X3: KS | Y3: =COUNTIF($Y$8:$Y$120,X3) -> 17
A4: D-Junioren Bezirksstaffel 1 | C4: Punkte | D4: Q | F4: D-Junioren Bezirksstaffel 2 | H4: Punkte | I4: Q | S4: KS2 | T4: =COUNTIF($T$8:$T$120,S4) -> 32 | U4: 4x8 | X4: KS2 | Y4: =COUNTIF($Y$8:$Y$120,X4) -> 0
A5: 1. | B5: SG Bad Wimpfen I | C5: =VLOOKUP(B5,$Q:$S,2,0) -> 16 | D5: =VLOOKUP(B5,$Q:$S,3,0) -> 2.6666667 | E5: qs1 | F5: 1. | G5: SGM TSV Ohrnberg / Zweiflingen I | H5: =VLOOKUP(G5,$V:$X,2,0) -> 16 | I5: =VLOOKUP(G5,$V:$X,3,0) -> 2.6666667 | S5: KS7er | T5: =COUNTIF($T$8:$T$120,S5) -> 6 | U5: 1x6 | X5: KS3 | Y5: =COUNTIF($Y$8:$Y$120,X5) -> 5
A6: 2. | B6: SGM Union Heilbronn / TSN 1969 I | C6: =VLOOKUP(B6,$Q:$S,2,0) -> 13 | D6: =VLOOKUP(B6,$Q:$S,3,0) -> 2.1666667 | E6: qs1 | F6: 2. | G6: TSG Öhringen I | H6: =VLOOKUP(G6,$V:$X,2,0) -> 14 | I6: =VLOOKUP(G6,$V:$X,3,0) -> 2.3333333
A7: 3. | B7: VfR Heilbronn 96/18 II | C7: =VLOOKUP(B7,$Q:$S,2,0) -> 21 | D7: =VLOOKUP(B7,$Q:$S,3,0) -> 3 | E7: qs2 | F7: 3. | G7: SGM TSV Waldbach/Brettachtal I | H7: =VLOOKUP(G7,$V:$X,2,0) -> 13 | I7: =VLOOKUP(G7,$V:$X,3,0) -> 2.1666667 | Q7: Unterland | R7: Punkte | S7: Q | V7: Hohenlohe | W7: Punkte | X7: Q
A8: 4. | B8: Sport-Union Neckarsulm I | C8: =VLOOKUP(B8,$Q:$S,2,0) -> 18 | D8: =VLOOKUP(B8,$Q:$S,3,0) -> 2.5714286 | E8: qs2 | F8: 4. | G8: SGM Krautheim/Mittleres Jagsttal I | H8: =VLOOKUP(G8,$V:$X,2,0) -> 10 | I8: =VLOOKUP(G8,$V:$X,3,0) -> 2 | P8: 1 | Q8: SG Bad Wimpfen I | R8: 16 | S8: 2.6666667 | T8: BS | U8: 1 | V8: SGM TSV Ohrnberg / Zweiflingen I | W8: 16 | X8: 2.6666667 | Y8: BS
A9: 5. | B9: SGM Oedheim/Dahenfeld I | C9: =VLOOKUP(B9,$Q:$S,2,0) -> 15 | D9: =VLOOKUP(B9,$Q:$S,3,0) -> 2.1428571 | E9: qs2 | F9: 5. | G9: SGM SSV Gaisbach/TSVKupferzell/TSV Ingelfingen I | H9: =VLOOKUP(G9,$V:$X,2,0) -> 7 | I9: =VLOOKUP(G9,$V:$X,3,0) -> 1.4 | P9: 2 | Q9: SGM Union Heilbronn / TSN 1969 I | R9: 13 | S9: 2.1666667 | T9: BS | U9: 2 | V9: TSG Öhringen I | W9: 14 | X9: 2.3333333 | Y9: BS
A10: 6. | B10: SGM Ilsfeld-Abstatt-Heinriet ABI I | C10: =VLOOKUP(B10,$Q:$S,2,0) -> 15 | D10: =VLOOKUP(B10,$Q:$S,3,0) -> 2.5 | E10: qs3 | F10: 6. | G10: SGM Weikersheim Vorbach-Tauber I | H10: =VLOOKUP(G10,$V:$X,2,0) -> 16 | I10: =VLOOKUP(G10,$V:$X,3,0) -> 2.6666667 | P10: 3 | Q10: VfR Heilbronn 96/18 III | R10: 11 | S10: 1.8333333 | T10: LS | U10: 3 | V10: SGM TSV Waldbach/Brettachtal I | W10: 13 | X10: 2.1666667 | Y10: BS
A11: 7. | B11: SGM Sülzbach Sulmtal I | C11: =VLOOKUP(B11,$Q:$S,2,0) -> 13 | D11: =VLOOKUP(B11,$Q:$S,3,0) -> 2.1666667 | E11: qs3 | F11: 7. | G11: TV Niederstetten I | H11: =VLOOKUP(G11,$V:$X,2,0) -> 14 | I11: =VLOOKUP(G11,$V:$X,3,0) -> 2.3333333 | P11: 4 | Q11: FSV Friedrichshaller SV I | R11: 10 | S11: 1.6666667 | T11: LS | U11: 4 | V11: SGM TSV Pfedelbach/Jugendteam TSV I | W11: 9 | X11: 1.5 | Y11: LS
A12: 8. | B12: SV Heilbronn am Leinbach I | C12: =VLOOKUP(B12,$Q:$S,2,0) -> 18 | D12: =VLOOKUP(B12,$Q:$S,3,0) -> 2.5714286 | E12: qs4 | F12: 8. | G12: SGM Taubertal/Röttingen | H12: =VLOOKUP(G12,$V:$X,2,0) -> 13 | I12: =VLOOKUP(G12,$V:$X,3,0) -> 2.1666667 | P12: 5 | Q12: SGM Untergriesheim H-U-T-H I | R12: 5 | S12: 0.83333333 | T12: KS1 | U12: 5 | V12: SGM TSV Neuenstein/Waldenburg I | W12: 6 | X12: 1 | Y12: LS
A13: 9. | B13: FSV Schwaigern I | C13: =VLOOKUP(B13,$Q:$S,2,0) -> 18 | D13: =VLOOKUP(B13,$Q:$S,3,0) -> 3 | E13: qs5 | P13: 6 | Q13: SC Amorbach I (U13) | R13: 4 | S13: 0.66666667 | T13: KS1 | U13: 6 | V13: SGM TG Forchtenberg II / Kickers Mittleres Kochertal | W13: 3 | X13: 0.5 | Y13: LS
A14: 10. | B14: SGM VfL Brackenheim I | C14: =VLOOKUP(B14,$Q:$S,2,0) -> 10 | D14: =VLOOKUP(B14,$Q:$S,3,0) -> 1.6666667 | E14: qs5 | P14: 7 | Q14: SGM Bachenau Krumme Ebene am Neckar | R14: 0 | S14: 0 | T14: KS1 | U14: 7 | V14: TSG Verrenberg | W14: 0 | X14: 0 | Y14: KS
A16: SL: | B16: Alexander Ergenzinger | F16: SL: | G16: Michael Schmelzle | P16: 1 | Q16: VfR Heilbronn 96/18 II | R16: 21 | S16: 3 | T16: BS | U16: 1 | V16: SGM TG Forchtenberg I / Kickers Mittleres Kochertal | W16: 15 | X16: 3 | Y16: Talentrunde
A17: D-Junioren Leistungsstaffel 1 | C17: Punkte | D17: Q | F17: D-Junioren Leistungsstaffel 2 | H17: Punkte | I17: Q | P17: 2 | Q17: Sport-Union Neckarsulm I | R17: 18 | S17: 2.5714286 | T17: BS | U17: 2 | V17: SGM Krautheim/Mittleres Jagsttal I | W17: 10 | X17: 2 | Y17: BS
A18: 1. | B18: VfR Heilbronn 96/18 III | C18: =VLOOKUP(B18,$Q:$S,2,0) -> 11 | D18: =VLOOKUP(B18,$Q:$S,3,0) -> 1.8333333 | E18: qs1 | F18: 1. | G18: SGM TSV Pfedelbach/Jugendteam TSV I | H18: =VLOOKUP(G18,$V:$X,2,0) -> 9 | I18: =VLOOKUP(G18,$V:$X,3,0) -> 1.5 | P18: 3 | Q18: SGM Oedheim/Dahenfeld I | R18: 15 | S18: 2.1428571 | T18: BS | U18: 3 | V18: SGM SSV Gaisbach/TSVKupferzell/TSV Ingelfingen I | W18: 7 | X18: 1.4 | Y18: BS
A19: 2. | B19: FSV Friedrichshaller SV I | C19: =VLOOKUP(B19,$Q:$S,2,0) -> 10 | D19: =VLOOKUP(B19,$Q:$S,3,0) -> 1.6666667 | E19: qs1 | F19: 2. | G19: SGM TSV Neuenstein/Waldenburg I | H19: =VLOOKUP(G19,$V:$X,2,0) -> 6 | I19: =VLOOKUP(G19,$V:$X,3,0) -> 1 | P19: 4 | Q19: SGM TSV Brettach KoBra I | R19: 12 | S19: 1.7142857 | T19: LS | U19: 4 | V19: SV Mulfingen | W19: 7 | X19: 1.4 | Y19: LS
A20: 3. | B20: SGM TSV Brettach KoBra I | C20: =VLOOKUP(B20,$Q:$S,2,0) -> 12 | D20: =VLOOKUP(B20,$Q:$S,3,0) -> 1.7142857 | E20: qs2 | F20: 3. | G20: SGM TG Forchtenberg II / Kickers Mittleres Kochertal | H20: =VLOOKUP(G20,$V:$X,2,0) -> 3 | I20: =VLOOKUP(G20,$V:$X,3,0) -> 0.5 | P20: 5 | Q20: SGM VfL Eberstadt | R20: 9 | S20: 1.2857143 | T20: KS1 | U20: 5 | V20: SGM DJK-TSV Bieringen/Schöntal I | W20: 4 | X20: 0.8 | Y20: LS
A21: 4. | B21: TV Flein I | C21: =VLOOKUP(B21,$Q:$S,2,0) -> 12 | D21: =VLOOKUP(B21,$Q:$S,3,0) -> 2 | E21: qs3 | F21: 4. | G21: SV Mulfingen | H21: =VLOOKUP(G21,$V:$X,2,0) -> 7 | I21: =VLOOKUP(G21,$V:$X,3,0) -> 1.4 | P21: 6 | Q21: TSV Weinsberg I | R21: 6 | S21: 0.85714286 | T21: KS1 | U21: 6 | V21: FV Künzelsau I | W21: 0 | X21: 0 | Y21: KS
A22: 5. | B22: TSV Untergruppenbach | C22: =VLOOKUP(B22,$Q:$S,2,0) -> 10 | D22: =VLOOKUP(B22,$Q:$S,3,0) -> 1.6666667 | E22: qs3 | F22: 5. | G22: SGM DJK-TSV Bieringen/Schöntal I | H22: =VLOOKUP(G22,$V:$X,2,0) -> 4 | I22: =VLOOKUP(G22,$V:$X,3,0) -> 0.8 | P22: 7 | Q22: TSG Bretzfeld-Rappach | R22: 3 | S22: 0.42857143 | T22: KS1
A23: 6. | B23: SGM Union Heilbronn / TSN 1969 II | C23: =VLOOKUP(B23,$Q:$S,2,0) -> 13 | D23: =VLOOKUP(B23,$Q:$S,3,0) -> 1.8571429 | E23: qs4 | F23: 6. | G23: VfB Bad Mergentheim I | H23: =VLOOKUP(G23,$V:$X,2,0) -> 9 | I23: =VLOOKUP(G23,$V:$X,3,0) -> 1.5 | P23: 8 | Q23: Spvgg Möckmühl I | R23: 0 | S23: 0 | T23: KS1 | U23: 1 | V23: SGM Weikersheim Vorbach-Tauber I | W23: 16 | X23: 2.6666667 | Y23: BS
A24: 7. | B24: ASV Heilbronn | C24: =VLOOKUP(B24,$Q:$S,2,0) -> 12 | D24: =VLOOKUP(B24,$Q:$S,3,0) -> 1.7142857 | E24: qs4 | F24: 7. | G24: SGM SV Wachbach/Althausen Neunkirchen | H24: =VLOOKUP(G24,$V:$X,2,0) -> 4 | I24: =VLOOKUP(G24,$V:$X,3,0) -> 0.66666667 | U24: 2 | V24: TV Niederstetten I | W24: 14 | X24: 2.3333333 | Y24: BS
A25: 8. | B25: SV Heilbronn am Leinbach II | C25: =VLOOKUP(B25,$Q:$S,2,0) -> 10 | D25: =VLOOKUP(B25,$Q:$S,3,0) -> 1.6666667 | E25: qs5 | F25: 8. | G25: SGM VfB Neuhütten/Wüstenrot/Neulautern | H25: =VLOOKUP(G25,$V:$X,2,0) -> 15 | I25: =VLOOKUP(G25,$V:$X,3,0) -> 3 | P25: 1 | Q25: SGM Ilsfeld-Abstatt-Heinriet ABI I | R25: 15 | S25: 2.5 | T25: BS | U25: 3 | V25: SGM Taubertal/Röttingen | W25: 13 | X25: 2.1666667 | Y25: BS
P26: 2 | Q26: SGM Sülzbach Sulmtal I | R26: 13 | S26: 2.1666667 | T26: BS | U26: 4 | V26: VfB Bad Mergentheim I | W26: 9 | X26: 1.5 | Y26: LS
A27: SL: | B27: Alexander Ergenzinger | F27: SL: | G27: Alexander Ergenzinger | K27: SL: | L27: Dieter Schaaf | P27: 3 | Q27: TV Flein I | R27: 12 | S27: 2 | T27: LS | U27: 5 | V27: SGM SV Wachbach/Althausen Neunkirchen | W27: 4 | X27: 0.66666667 | Y27: LS
A28: D-Junioren Kreisstaffel 01 | C28: Punkte | D28: Q | F28: D-Junioren Kreisstaffel 02 | H28: Punkte | I28: Q | K28: D-Junioren Kreisstaffel 03 | M28: Punkte | N28: Q | P28: 4 | Q28: TSV Untergruppenbach | R28: 10 | S28: 1.6666667 | T28: LS | U28: 6 | V28: 1. FC Igersheim | W28: 3 | X28: 0.5 | Y28: LS
A29: 1 | B29: SGM Untergriesheim H-U-T-H I | C29: =VLOOKUP(B29,$Q:$S,2,0) -> 5 | D29: =VLOOKUP(B29,$Q:$S,3,0) -> 0.83333333 | E29: qs1 | F29: 1 | G29: SGM VfL Eberstadt | H29: =VLOOKUP(G29,$Q:$S,2,0) -> 9 | I29: =VLOOKUP(G29,$Q:$S,3,0) -> 1.2857143 | J29: qs2 | K29: 8 | L29: TGV Eintracht Beilstein I | M29: =VLOOKUP(L29,$Q:$S,2,0) -> 9 | N29: =VLOOKUP(L29,$Q:$S,3,0) -> 1.5 | O29: qs3 | P29: 5 | Q29: TGV Eintracht Beilstein I | R29: 9 | S29: 1.5 | T29: KS1 | U29: 7 | V29: SGM FC Creglingen/Bieberehren I | W29: 1 | X29: 0.16666667 | Y29: KS
A30: 7 | B30: SC Amorbach I (U13) | C30: =VLOOKUP(B30,$Q:$S,2,0) -> 4 | D30: =VLOOKUP(B30,$Q:$S,3,0) -> 0.66666667 | E30: qs1 | F30: 8 | G30: TSV Weinsberg I | H30: =VLOOKUP(G30,$Q:$S,2,0) -> 6 | I30: =VLOOKUP(G30,$Q:$S,3,0) -> 0.85714286 | J30: qs2 | K30: 1 | L30: TG Böckingen I | M30: =VLOOKUP(L30,$Q:$S,2,0) -> 9 | N30: =VLOOKUP(L30,$Q:$S,3,0) -> 1.2857143 | O30: qs4 | P30: 6 | Q30: Spfr Neckarwestheim I | R30: 3 | S30: 0.5 | T30: KS1 | U30: xxx | V30: xxxxxxxxxxxxxxxxxxxxxxxxxxxxxxxxxxxxxxxxxxxxx | W30: xxxxxx | X30: xxxx
A31: 3 | B31: SGM Bachenau Krumme Ebene am Neckar | C31: =VLOOKUP(B31,$Q:$S,2,0) -> 0 | D31: =VLOOKUP(B31,$Q:$S,3,0) -> 0 | E31: qs1 | F31: 4 | G31: TSG Bretzfeld-Rappach | H31: =VLOOKUP(G31,$Q:$S,2,0) -> 3 | I31: =VLOOKUP(G31,$Q:$S,3,0) -> 0.42857143 | J31: qs2 | K31: 4 | L31: TSG Heilbronn I | M31: =VLOOKUP(L31,$Q:$S,2,0) -> 7 | N31: =VLOOKUP(L31,$Q:$S,3,0) -> 1 | O31: qs4 | P31: 7 | Q31: SGM Willsbach I | R31: 0 | S31: 0 | T31: KS1 | U31: 1 | V31: VfB Bad Mergentheim II | W31: 13 | X31: 2.1666667 | Y31: KS
A32: 5 | B32: Spvgg Möckmühl I | C32: =VLOOKUP(B32,$Q:$S,2,0) -> 0 | D32: =VLOOKUP(B32,$Q:$S,3,0) -> 0 | E32: qs2 | F32: 2 | G32: SGM Willsbach I | H32: =VLOOKUP(G32,$Q:$S,2,0) -> 0 | I32: =VLOOKUP(G32,$Q:$S,3,0) -> 0 | J32: qs3 | K32: 5 | L32: TSV Talheim | M32: =VLOOKUP(L32,$Q:$S,2,0) -> 3 | N32: =VLOOKUP(L32,$Q:$S,3,0) -> 0.42857143 | O32: qs4 | U32: 2 | V32: SGM FC Creglingen/Bieberehren II | W32: 10 | X32: 1.6666667 | Y32: KS
A33: 4 | B33: SGM Neuenstadt I | C33: =VLOOKUP(B33,$Q:$S,2,0) -> 15 | D33: =VLOOKUP(B33,$Q:$S,3,0) -> 2.5 | E33: ks q1 | F33: 3 | G33: SGM Bonfeld/Fürfeld/Obergimpern I | H33: =VLOOKUP(G33,$Q:$S,2,0) -> 8 | I33: =VLOOKUP(G33,$Q:$S,3,0) -> 1.3333333 | J33: qs4 | K33: 2 | L33: TV Flein II | M33: =VLOOKUP(L33,$Q:$S,2,0) -> 18 | N33: =VLOOKUP(L33,$Q:$S,3,0) -> 2.5714286 | O33: ks q4 | P33: 1 | Q33: VfR Heilbronn 96/18 I | R33: 21 | S33: 3 | U33: 3 | V33: SGM Weikersheim Vorbach-Tauber II | W33: 9 | X33: 1.5 | Y33: KS
A34: 2 | B34: Sport-Union Neckarsulm II | C34: =VLOOKUP(B34,$Q:$S,2,0) -> 19 | D34: =VLOOKUP(B34,$Q:$S,3,0) -> 2.7142857 | E34: ks q2 | F34: 5 | G34: TSV Erlenbach I | H34: =VLOOKUP(G34,$Q:$S,2,0) -> 18 | I34: =VLOOKUP(G34,$Q:$S,3,0) -> 3 | J34: ks q1 | K34: 3 | L34: SSV Auenstein | M34: =VLOOKUP(L34,$Q:$S,2,0) -> 16 | N34: =VLOOKUP(L34,$Q:$S,3,0) -> 2.2857143 | O34: ks q4 | P34: 2 | Q34: SV Heilbronn am Leinbach I | R34: 18 | S34: 2.5714286 | T34: BS | U34: 4 | V34: TV Niederstetten II | W34: 3 | X34: 0.5 | Y34: KS
A35: 8 | B35: SGM Neudenau/Siglingen | C35: =VLOOKUP(B35,$Q:$S,2,0) -> 17 | D35: =VLOOKUP(B35,$Q:$S,3,0) -> 2.4285714 | E35: ks q2 | F35: 6 | G35: SV Heilbronn am Leinbach III | H35: =VLOOKUP(G35,$Q:$S,2,0) -> 13 | I35: =VLOOKUP(G35,$Q:$S,3,0) -> 2.1666667 | J35: ks q3 | K35: 7 | L35: Spfr Neckarwestheim II | M35: =VLOOKUP(L35,$Q:$S,2,0) -> 15 | N35: =VLOOKUP(L35,$Q:$S,3,0) -> 2.1428571 | O35: ks q4 | P35: 3 | Q35: SGM Union Heilbronn / TSN 1969 II | R35: 13 | S35: 1.8571429 | T35: LS
A36: 6 | B36: SGM Oedheim/Dahenfeld II | C36: =VLOOKUP(B36,$Q:$S,2,0) -> 15 | D36: =VLOOKUP(B36,$Q:$S,3,0) -> 2.1428571 | E36: ks q2 | F36: 7 | G36: FC Kirchhausen | H36: =VLOOKUP(G36,$Q:$S,2,0) -> 19 | I36: =VLOOKUP(G36,$Q:$S,3,0) -> 2.7142857 | J36: ks q4 | K36: 6 | L36: SV Leingarten II | M36: =VLOOKUP(L36,$Q:$S,2,0) -> 13 | N36: =VLOOKUP(L36,$Q:$S,3,0) -> 2.1666667 | O36: ks q5 | P36: 4 | Q36: ASV Heilbronn | R36: 12 | S36: 1.7142857 | T36: LS | U36: 1 | V36: SGM SSV Gaisbach/TSV Kupferzell/TSV Ingelfingen II | W36: 12 | X36: 2.4 | Y36: KS
P37: 5 | Q37: TG Böckingen I | R37: 9 | S37: 1.2857143 | T37: KS1 | U37: 2 | V37: SGM Amrichshausen/Morsbach/Nagelsberg | W37: 12 | X37: 2.4 | Y37: KS
P38: 6 | Q38: TSG Heilbronn I | R38: 7 | S38: 1 | T38: KS1 | U38: 3 | V38: SGM TG Forchtenberg III / Kickers Mittleres Kochertal | W38: 7 | X38: 1.4 | Y38: KS
A39: SL: | B39: Dieter Schaaf | F39: SL: | G39: Alexander Ergenzinger | K39: SL: | L39: Alexander Ergenzinger | P39: 7 | Q39: TSV Talheim | R39: 3 | S39: 0.42857143 | T39: KS1 | U39: 4 | V39: SGM DJK-TSV Bieringen/Schöntal II | W39: 6 | X39: 1.2 | Y39: KS
A40: D-Junioren Kreisstaffel 04 | C40: Punkte | D40: Q | F40: D-Junioren Kreisstaffel 05 | H40: Punkte | I40: Q | K40: D-Junioren Kreisstaffel 06 | M40: Punkte | N40: Q | P40: 8 | Q40: Aramäer Heilbronn | R40: 0 | S40: 0 | U40: 5 | V40: SGM TSV Ohrnberg / Zweiflingen II | W40: 4 | X40: 0.8 | Y40: KS3
A41: 7 | B41: Spfr Neckarwestheim I | C41: =VLOOKUP(B41,$Q:$S,2,0) -> 3 | D41: =VLOOKUP(B41,$Q:$S,3,0) -> 0.5 | E41: qs3 | F41: 7 | G41: SC Amorbach II (U12) | H41: =VLOOKUP(G41,$Q:$S,2,0) -> 12 | I41: =VLOOKUP(G41,$Q:$S,3,0) -> 2 | J41: ks q1 | K41: 2 | L41: TV Flein III | M41: =VLOOKUP(L41,$Q:$S,2,0) -> 12 | N41: =VLOOKUP(L41,$Q:$S,3,0) -> 2 | O41: ks q3 | U41: 6 | V41: SGM Krautheim/Mittleres Jagsttal II | W41: 3 | X41: 0.6 | Y41: KS
A42: 4 | B42: Spfr. Lauffen I | C42: =VLOOKUP(B42,$Q:$S,2,0) -> 7 | D42: =VLOOKUP(B42,$Q:$S,3,0) -> 1.1666667 | E42: qs5 | F42: 6 | G42: SG Bad Wimpfen II | H42: =VLOOKUP(G42,$Q:$S,2,0) -> 6 | I42: =VLOOKUP(G42,$Q:$S,3,0) -> 1 | J42: ks q1 | L42: VfL Obereisesheim I | M42: =VLOOKUP(L42,$Q:$S,2,0) -> 10 | N42: =VLOOKUP(L42,$Q:$S,3,0) -> 1.6666667 | O42: ks q3 | P42: 1 | Q42: FSV Schwaigern I | R42: 18 | S42: 3 | T42: BS
A43: 6 | B43: SV Leingarten I | C43: =VLOOKUP(B43,$Q:$S,2,0) -> 5 | D43: =VLOOKUP(B43,$Q:$S,3,0) -> 0.83333333 | E43: qs5 | F43: 3 | G43: FSV Friedrichshaller SV II | H43: =VLOOKUP(G43,$Q:$S,2,0) -> 4 | I43: =VLOOKUP(G43,$Q:$S,3,0) -> 0.66666667 | J43: ks q1 | K43: 7/2/4/5 | L43: SC Amorbach III | M43: =VLOOKUP(L43,$Q:$S,2,0) -> 1 | N43: =VLOOKUP(L43,$Q:$S,3,0) -> 0.16666667 | O43: ks q3 | P43: 2 | Q43: SGM VfL Brackenheim I | R43: 10 | S43: 1.6666667 | T43: BS | U43: 1 | V43: SGM VfB Neuhütten/Wüstenrot/Neulautern | W43: 15 | X43: 3 | Y43: KS
A44: 1 | B44: SGM Nordheim Unteres Zabergäu I | C44: =VLOOKUP(B44,$Q:$S,2,0) -> 1 | D44: =VLOOKUP(B44,$Q:$S,3,0) -> 0.16666667 | E44: qs5 | F44: 1 | G44: SGM Untergriesheim H-U-T-H II | H44: =VLOOKUP(G44,$Q:$S,2,0) -> 4 | I44: =VLOOKUP(G44,$Q:$S,3,0) -> 0.66666667 | J44: ks q1 | K44: 8 | L44: TGV Eintracht Beilstein II | M44: =VLOOKUP(L44,$Q:$S,2,0) -> 8 | N44: =VLOOKUP(L44,$Q:$S,3,0) -> 1.1428571 | O44: ks q4 | P44: 3 | Q44: SV Heilbronn am Leinbach II | R44: 10 | S44: 1.6666667 | T44: LS | U44: 2 | V44: SC Michelbach/Wald I | W44: 9 | X44: 1.8 | Y44: KS
A45: 3 | B45: TSG Heilbronn II | C45: =VLOOKUP(B45,$Q:$S,2,0) -> 18 | D45: =VLOOKUP(B45,$Q:$S,3,0) -> 3 | E45: ks q3 | F45: 8 | G45: VfL Obereisesheim II | H45: =VLOOKUP(G45,$Q:$S,2,0) -> 10 | I45: =VLOOKUP(G45,$Q:$S,3,0) -> 1.4285714 | J45: ks q2 | K45: 7 | L45: SGM Sülzbach Sulmtal II | M45: =VLOOKUP(L45,$Q:$S,2,0) -> 8 | N45: =VLOOKUP(L45,$Q:$S,3,0) -> 1.1428571 | O45: ks q4 | P45: 4 | Q45: SGM Bonfeld/Fürfeld/Obergimpern I | R45: 8 | S45: 1.3333333 | T45: KS1 | U45: 3 | V45: SGM TSV Waldbach/Brettachtal II | W45: 8 | X45: 1.6 | Y45: KS
A46: 5 | B46: SGM Cleebronn/Botenheim/Eibensbach/Stockheim I | C46: =VLOOKUP(B46,$Q:$S,2,0) -> 18 | D46: =VLOOKUP(B46,$Q:$S,3,0) -> 2.5714286 | E46: ks q5 | F46: 5 | G46: Spvgg Möckmühl II | H46: =VLOOKUP(G46,$Q:$S,2,0) -> 6 | I46: =VLOOKUP(G46,$Q:$S,3,0) -> 0.85714286 | J46: ks q2 | K46: 1/4/6/8 | L46: SGM Ilsfeld-Abstatt-Heinriet ABI II | M46: =VLOOKUP(L46,$Q:$S,2,0) -> 7 | N46: =VLOOKUP(L46,$Q:$S,3,0) -> 1 | O46: ks q4 | P46: 5 | Q46: Spfr. Lauffen I | R46: 7 | S46: 1.1666667 | T46: KS1 | U46: 4 | V46: TSG Öhringen II | W46: 5 | X46: 1 | Y46: KS
A47: 2 | B47: SC Böckingen | C47: =VLOOKUP(B47,$Q:$S,2,0) -> 16 | D47: =VLOOKUP(B47,$Q:$S,3,0) -> 2.6666667 | E47: ks q6 | F47: 4 | G47: SGM Neuenstadt II | H47: =VLOOKUP(G47,$Q:$S,2,0) -> 3 | I47: =VLOOKUP(G47,$Q:$S,3,0) -> 0.42857143 | J47: ks q2 | K47: 4 | L47: SGM Willsbach II | M47: =VLOOKUP(L47,$Q:$S,2,0) -> 4 | N47: =VLOOKUP(L47,$Q:$S,3,0) -> 0.57142857 | O47: ks q4 | P47: 6 | Q47: SV Leingarten I | R47: 5 | S47: 0.83333333 | T47: KS1 | U47: 5 | V47: SGM TSV Pfedelbach/Jugendteam TSV II | W47: 5 | X47: 1 | Y47: KS
A48: 8 | B48: SGM Güglingen / Frauenzimmern I | C48: =VLOOKUP(B48,$Q:$S,2,0) -> 21 | D48: =VLOOKUP(B48,$Q:$S,3,0) -> 3 | E48: ks q7 | F48: 2 | G48: Sport-Union Neckarsulm III | H48: =VLOOKUP(G48,$Q:$S,2,0) -> 3 | I48: =VLOOKUP(G48,$Q:$S,3,0) -> 0.5 | J48: ks q3 | K48: 8/1/6 | L48: TSV Weinsberg II | M48: =VLOOKUP(L48,$Q:$S,2,0) -> 4 | N48: =VLOOKUP(L48,$Q:$S,3,0) -> 0.57142857 | O48: ks q4 | P48: 7 | Q48: SGM Nordheim Unteres Zabergäu I | R48: 1 | S48: 0.16666667 | T48: KS1 | U48: 6 | V48: SGM TSV Neuenstein/Waldenburg II | W48: 0 | X48: 0
P49: xxx | Q49: xxxxxxxxxxxxxxxxxxxxxxxxxxxxxxxxxxxxxxxxxxxxx | R49: xxxxxx | S49: xxxx
A50: SL: | B50: Dieter Schaaf | F50: SL: | G50: Dieter Schaaf | K50: SL: | L50: Andreas Leitner | O50: 1 | P50: 1 | Q50: TSV Erlenbach I | R50: 18 | S50: 3 | T50: KS1 | U50: 1 | V50: SGM Krautheim/Mittleres Jagsttal III | W50: 13 | X50: 2.1666667 | Y50: KS3
A51: D-Junioren Kreisstaffel 07 | C51: Punkte | D51: Q | F51: D-Junioren Kreisstaffel 08 | H51: Punkte | I51: Q | K51: D-Junioren Kreisstaffel 09 | M51: Punkte | N51: Q | P51: 2 | Q51: SGM Neuenstadt I | R51: 15 | S51: 2.5 | T51: KS1 | U51: 2 | V51: SC Michelbach/Wald II | W51: 11 | X51: 1.8333333 | Y51: KS3
B52: SV Heilbronn am Leinbach IV | C52: =VLOOKUP(B52,$Q:$S,2,0) -> 6 | D52: =VLOOKUP(B52,$Q:$S,3,0) -> 0.85714286 | E52: ks q2 | F52: 1. | G52: SGM SG Stetten-Kleingartach/Oberes Leintal | H52: =VLOOKUP(G52,$Q:$S,2,0) -> 13 | I52: =VLOOKUP(G52,$Q:$S,3,0) -> 1.8571429 | J52: ks q5 | K52: 1. | L52: SGM FC Creglingen/Bieberehren I | M52: =VLOOKUP(L52,$V:$X,2,0) -> 1 | N52: =VLOOKUP(L52,$V:$X,3,0) -> 0.16666667 | P52: 3 | Q52: SC Amorbach II (U12) | R52: 12 | S52: 2 | T52: KS2 | U52: 3 | V52: FV Künzelsau II | W52: 9 | X52: 1.5 | Y52: KS3
B53: TSG Heilbronn III | C53: =VLOOKUP(B53,$Q:$S,2,0) -> 6 | D53: =VLOOKUP(B53,$Q:$S,3,0) -> 0.85714286 | E53: ks q2 | F53: 2. | G53: SGM VfL Brackenheim II | H53: =VLOOKUP(G53,$Q:$S,2,0) -> 9 | I53: =VLOOKUP(G53,$Q:$S,3,0) -> 1.2857143 | J53: ks q5 | K53: 2. | L53: 1. FC Igersheim | M53: =VLOOKUP(L53,$V:$X,2,0) -> 3 | N53: =VLOOKUP(L53,$V:$X,3,0) -> 0.5 | P53: 4 | Q53: SG Bad Wimpfen II | R53: 6 | S53: 1 | T53: KS2 | U53: 4 | V53: SGM TG Forchtenberg IV / Kickers Mittleres Kochertal | W53: 1 | X53: 0.16666667 | Y53: KS3
A54: 1 | B54: TG Böckingen II | C54: =VLOOKUP(B54,$Q:$S,2,0) -> 4 | D54: =VLOOKUP(B54,$Q:$S,3,0) -> 0.66666667 | E54: ks q3 | F54: 3. | G54: FSV Schwaigern II | H54: =VLOOKUP(G54,$Q:$S,2,0) -> 10 | I54: =VLOOKUP(G54,$Q:$S,3,0) -> 1.6666667 | J54: ks q6 | K54: 3. | L54: VfB Bad Mergentheim II | M54: =VLOOKUP(L54,$V:$X,2,0) -> 13 | N54: =VLOOKUP(L54,$V:$X,3,0) -> 2.1666667 | P54: 5 | Q54: FSV Friedrichshaller SV II | R54: 4 | S54: 0.66666667 | T54: KS2
B55: TSV Biberach | C55: =VLOOKUP(B55,$Q:$S,2,0) -> 9 | D55: =VLOOKUP(B55,$Q:$S,3,0) -> 1.2857143 | E55: ks q5 | F55: 4. | G55: SGM Bonfeld/Fürfeld/Obergimpern II | H55: =VLOOKUP(G55,$Q:$S,2,0) -> 7 | I55: =VLOOKUP(G55,$Q:$S,3,0) -> 1.1666667 | J55: ks q6 | K55: 4. | L55: SGM FC Creglingen/Bieberehren II | M55: =VLOOKUP(L55,$V:$X,2,0) -> 10 | N55: =VLOOKUP(L55,$V:$X,3,0) -> 1.6666667 | P55: 6 | Q55: SGM Untergriesheim H-U-T-H II | R55: 4 | S55: 0.66666667 | T55: KS2
A56: 4 | B56: Spfr. Lauffen II | C56: =VLOOKUP(B56,$Q:$S,2,0) -> 9 | D56: =VLOOKUP(B56,$Q:$S,3,0) -> 1.2857143 | E56: ks q5 | F56: 5. | G56: SGM MassenbachHausen I | H56: =VLOOKUP(G56,$Q:$S,2,0) -> 5 | I56: =VLOOKUP(G56,$Q:$S,3,0) -> 0.83333333 | J56: ks q6 | K56: 5. | L56: SGM Weikersheim Vorbach-Tauber II | M56: =VLOOKUP(L56,$V:$X,2,0) -> 9 | N56: =VLOOKUP(L56,$V:$X,3,0) -> 1.5 | P56: 7 | Q56: SGM Union Heilbronn / TSN 1969 III | R56: 3 | S56: 0.5
B57: SGM MassenbachHausen II | C57: =VLOOKUP(B57,$Q:$S,2,0) -> 6 | D57: =VLOOKUP(B57,$Q:$S,3,0) -> 0.85714286 | E57: ks q5 | F57: 6. | G57: SGM Cleebronn/Botenheim/Eibensbach/Stockheim II | H57: =VLOOKUP(G57,$Q:$S,2,0) -> 5 | I57: =VLOOKUP(G57,$Q:$S,3,0) -> 0.83333333 | J57: ks q6 | K57: 6. | L57: TV Niederstetten II | M57: =VLOOKUP(L57,$V:$X,2,0) -> 3 | N57: =VLOOKUP(L57,$V:$X,3,0) -> 0.5
B58: SSV Klingenberg | C58: =VLOOKUP(B58,$Q:$S,2,0) -> 0 | D58: =VLOOKUP(B58,$Q:$S,3,0) -> 0 | E58: ks q5 | F58: 7. | G58: SGM Nordheim Unteres Zabergäu II | H58: =VLOOKUP(G58,$Q:$S,2,0) -> 2 | I58: =VLOOKUP(G58,$Q:$S,3,0) -> 0.33333333 | J58: ks q6 | K58: 7. | L58: SGM Amrichshausen/Morsbach/Nagelsberg | M58: =VLOOKUP(L58,$V:$X,2,0) -> 12 | N58: =VLOOKUP(L58,$V:$X,3,0) -> 2.4 | O58: 2 | P58: 1 | Q58: Sport-Union Neckarsulm II | R58: 19 | S58: 2.7142857 | T58: KS1
A59: 5 | B59: ASV Heilbronn II | C59: =VLOOKUP(B59,$Q:$S,2,0) -> neu | D59: =VLOOKUP(B59,$Q:$S,3,0) -> neu | F59: 8. | G59: SGM Güglingen / Frauenzimmern II | H59: =VLOOKUP(G59,$Q:$S,2,0) -> 18 | I59: =VLOOKUP(G59,$Q:$S,3,0) -> 2.57 | K59: 8. | L59: SGM Krautheim/Mittleres Jagsttal II | M59: =VLOOKUP(L59,$V:$X,2,0) -> 3 | N59: =VLOOKUP(L59,$V:$X,3,0) -> 0.6 | P59: 2 | Q59: SGM Neudenau/Siglingen | R59: 17 | S59: 2.4285714 | T59: KS1
P60: 3 | Q60: SGM Oedheim/Dahenfeld II | R60: 15 | S60: 2.1428571 | T60: KS1
P61: 4 | Q61: VfL Obereisesheim II | R61: 10 | S61: 1.4285714 | T61: KS2
A62: SL: | B62: Michael Schmelzle | F62: SL: | G62: Michael Schmelzle | K62: SL: | L62: Dieter Schaaf | P62: 5 | Q62: SV Heilbronn am Leinbach IV | R62: 6 | S62: 0.85714286 | T62: KS2
A63: D-Junioren Kreisstaffel 10 | C63: Punkte | D63: Q | F63: D-Junioren Kreisstaffel 11 | H63: Punkte | I63: Q | K63: D-Junioren Kreisstaffel 12 | M63: Punkte | N63: Q | P63: 6 | Q63: Spvgg Möckmühl II | R63: 6 | S63: 0.85714286 | T63: KS2
A64: 1. | B64: TSG Verrenberg | C64: =VLOOKUP(B64,$V:$X,2,0) -> 0 | D64: =VLOOKUP(B64,$V:$X,3,0) -> 0 | F64: 1. | G64: SGM DJK-TSV Bieringen/Schöntal II | H64: =VLOOKUP(G64,$V:$X,2,0) -> 6 | I64: =VLOOKUP(G64,$V:$X,3,0) -> 1.2 | K64: 1. | L64: TSV Heinsheim (7er) | M64: =VLOOKUP(L64,$Q:$S,2,0) -> 15 | N64: =VLOOKUP(L64,$Q:$S,3,0) -> 2.1428571 | P64: 7 | Q64: TSG Heilbronn III | R64: 6 | S64: 0.85714286 | T64: KS2
A65: 2. | B65: FV Künzelsau I | C65: =VLOOKUP(B65,$V:$X,2,0) -> 0 | D65: =VLOOKUP(B65,$V:$X,3,0) -> 0 | F65: 2. | G65: SGM TSV Ohrnberg / Zweiflingen II | H65: =VLOOKUP(G65,$V:$X,2,0) -> 4 | I65: =VLOOKUP(G65,$V:$X,3,0) -> 0.8 | K65: 2. | L65: SV Leingarten III (7er) | M65: =VLOOKUP(L65,$Q:$S,2,0) -> 10 | N65: =VLOOKUP(L65,$Q:$S,3,0) -> 1.4285714 | P65: 8 | Q65: SGM Neuenstadt II | R65: 3 | S65: 0.42857143 | T65: KS2
A66: 3. | B66: SGM SSV Gaisbach/TSV Kupferzell/TSV Ingelfingen II | C66: =VLOOKUP(B66,$V:$X,2,0) -> 12 | D66: =VLOOKUP(B66,$V:$X,3,0) -> 2.4 | F66: 3. | G66: SGM Krautheim/Mittleres Jagsttal III | H66: =VLOOKUP(G66,$V:$X,2,0) -> 13 | I66: =VLOOKUP(G66,$V:$X,3,0) -> 2.1666667 | K66: 3. | L66: SGM Spfr Widdern / SV Jagsthausen (7er) | M66: =VLOOKUP(L66,$Q:$S,2,0) -> 6 | N66: =VLOOKUP(L66,$Q:$S,3,0) -> 0.85714286
A67: 4. | B67: SGM TG Forchtenberg III / Kickers Mittleres Kochertal | C67: =VLOOKUP(B67,$V:$X,2,0) -> 7 | D67: =VLOOKUP(B67,$V:$X,3,0) -> 1.4 | F67: 4. | G67: SC Michelbach/Wald II | H67: =VLOOKUP(G67,$V:$X,2,0) -> 11 | I67: =VLOOKUP(G67,$V:$X,3,0) -> 1.8333333 | K67: 4. | L67: SGM TSV Brettach KoBra II (7er) | M67: =VLOOKUP(L67,$Q:$S,2,0) -> 3 | N67: =VLOOKUP(L67,$Q:$S,3,0) -> 0.42857143 | O67: 3 | P67: 1 | Q67: TSG Heilbronn II | R67: 18 | S67: 3 | T67: KS1
A68: 5. | B68: SC Michelbach/Wald I | C68: =VLOOKUP(B68,$V:$X,2,0) -> 9 | D68: =VLOOKUP(B68,$V:$X,3,0) -> 1.8 | F68: 5. | G68: FV Künzelsau II | H68: =VLOOKUP(G68,$V:$X,2,0) -> 9 | I68: =VLOOKUP(G68,$V:$X,3,0) -> 1.5 | K68: 5. | L68: SGM Oberes Zabergäu/Pfaffenhofen (7er) | M68: =VLOOKUP(L68,$Q:$S,2,0) -> 1 | N68: =VLOOKUP(L68,$Q:$S,3,0) -> 0.14285714 | P68: 2 | Q68: SV Heilbronn am Leinbach III | R68: 13 | S68: 2.1666667 | T68: KS1
A69: 6. | B69: SGM TSV Waldbach/Brettachtal II | C69: =VLOOKUP(B69,$V:$X,2,0) -> 8 | D69: =VLOOKUP(B69,$V:$X,3,0) -> 1.6 | F69: 6. | G69: SGM TG Forchtenberg IV / Kickers Mittleres Kochertal | H69: =VLOOKUP(G69,$V:$X,2,0) -> 1 | I69: =VLOOKUP(G69,$V:$X,3,0) -> 0.16666667 | K69: 6. | L69: SG Bad Wimpfen III (7er) | M69: =VLOOKUP(L69,$Q:$S,2,0) -> neu | N69: =VLOOKUP(L69,$Q:$S,3,0) -> neu | P69: 3 | Q69: TV Flein III | R69: 12 | S69: 2 | T69: KS2
A70: 7. | B70: TSG Öhringen II | C70: =VLOOKUP(B70,$V:$X,2,0) -> 5 | D70: =VLOOKUP(B70,$V:$X,3,0) -> 1 | F70: 7. | G70: SGM VfB Neuhütten/Wüstenrot/Neulautern II ? | H70: neu | I70: neu | P70: 4 | Q70: VfL Obereisesheim I | R70: 10 | S70: 1.6666667 | T70: KS2
A71: 8. | B71: SGM TSV Pfedelbach/Jugendteam TSV II | C71: =VLOOKUP(B71,$V:$X,2,0) -> 5 | D71: =VLOOKUP(B71,$V:$X,3,0) -> 1 | P71: 5 | Q71: TG Böckingen II | R71: 4 | S71: 0.66666667 | T71: KS2
P72: 6 | Q72: Sport-Union Neckarsulm III | R72: 3 | S72: 0.5 | T72: KS2
P73: 7 | Q73: SC Amorbach III | R73: 1 | S73: 0.16666667 | T73: KS2
O75: 4 | P75: 1 | Q75: TV Flein II | R75: 18 | S75: 2.5714286 | T75: KS1
P76: 2 | Q76: SSV Auenstein | R76: 16 | S76: 2.2857143 | T76: KS1
P77: 3 | Q77: Spfr Neckarwestheim II | R77: 15 | S77: 2.1428571 | T77: KS1
P78: 4 | Q78: TGV Eintracht Beilstein II | R78: 8 | S78: 1.1428571 | T78: KS2
P79: 5 | Q79: SGM Sülzbach Sulmtal II | R79: 8 | S79: 1.1428571 | T79: KS2
P80: 6 | Q80: SGM Ilsfeld-Abstatt-Heinriet ABI II | R80: 7 | S80: 1 | T80: KS2
P81: 7 | Q81: SGM Willsbach II | R81: 4 | S81: 0.57142857 | T81: KS2
P82: 8 | Q82: TSV Weinsberg II | R82: 4 | S82: 0.57142857 | T82: KS2
O84: 5 | P84: 1 | Q84: FC Kirchhausen | R84: 19 | S84: 2.7142857 | T84: KS1
P85: 2 | Q85: SGM Cleebronn/Botenheim/Eibensbach/Stockheim I | R85: 18 | S85: 2.5714286 | T85: KS1
P86: 3 | Q86: SGM SG Stetten-Kleingartach/Oberes Leintal | R86: 13 | S86: 1.8571429 | T86: KS2
P87: 4 | Q87: SGM VfL Brackenheim II | R87: 9 | S87: 1.2857143 | T87: KS2
P88: 5 | Q88: TSV Biberach | R88: 9 | S88: 1.2857143 | T88: KS2
P89: 6 | Q89: Spfr. Lauffen II | R89: 9 | S89: 1.2857143 | T89: KS2
P90: 7 | Q90: SGM MassenbachHausen II | R90: 6 | S90: 0.85714286 | T90: KS2
P91: 8 | Q91: SSV Klingenberg | R91: 0 | S91: 0 | T91: KS2
O93: 6 | P93: 1 | Q93: SC Böckingen | R93: 16 | S93: 2.6666667 | T93: KS1
P94: 2 | Q94: SV Leingarten II | R94: 13 | S94: 2.1666667 | T94: KS1
P95: 3 | Q95: FSV Schwaigern II | R95: 10 | S95: 1.6666667 | T95: KS2
P96: 4 | Q96: SGM Bonfeld/Fürfeld/Obergimpern II | R96: 7 | S96: 1.1666667 | T96: KS2
P97: 5 | Q97: SGM MassenbachHausen I | R97: 5 | S97: 0.83333333 | T97: KS2
P98: 6 | Q98: SGM Cleebronn/Botenheim/Eibensbach/Stockheim II | R98: 5 | S98: 0.83333333 | T98: KS2
P99: 7 | Q99: SGM Nordheim Unteres Zabergäu II | R99: 2 | S99: 0.33333333 | T99: KS2
P101: 1 | Q101: SGM Güglingen / Frauenzimmern I (7er) | R101: 21 | S101: 3
P102: 2 | Q102: SGM Güglingen / Frauenzimmern II (7er) | R102: 18 | S102: 2.5714286
P103: 3 | Q103: TSV Heinsheim (7er) | R103: 15 | S103: 2.1428571 | T103: KS7er
P104: 4 | Q104: SV Leingarten III (7er) | R104: 10 | S104: 1.4285714 | T104: KS7er
P105: 5 | Q105: TSV Erlenbach II (7er) | R105: 9 | S105: 1.2857143
...

Sheet E-Junioren
A1: Vorschlag Einteilung Rückrunde E-Junioren 2025/2026 | L1: Stand: 31.12.25 | Q1: Rückzug | S1: KS1-1 | T1: =COUNTIF($T$10:$T$169,S1) -> 8 | U1: 1 | X1: KS1-1 | Y1: =COUNTIF($Y$10:$Y$130,X1) -> 14
S2: KS1-2 | T2: =COUNTIF($T$10:$T$169,S2) -> 8 | U2: 1 | X2: KS1-2 | Y2: =COUNTIF($Y$10:$Y$130,X2) -> 11
A3: SL: | B3: Reiner Falk | F3: SL: | G3: Reiner Falk | K3: SL: | L3: Reiner Falk | S3: KS1-3 | T3: =COUNTIF($T$10:$T$169,S3) -> 16 | U3: 2 | X3: KS2 | Y3: =COUNTIF($Y$10:$Y$130,X3) -> 29
A4: E-Junioren Kreisstaffel 01 | C4: Punkte | D4: Q | F4: E-Junioren Kreisstaffel 02 | H4: Punkte | I4: Q | K4: E-Junioren Kreisstaffel 03 | M4: Punkte | N4: Q | S4: KS2-1 | T4: =COUNTIF($T$10:$T$169,S4) -> 16 | U4: 2 | Y4: =COUNTIF($Y$10:$Y$130,X4) -> 0
A5: 1. | B5: SG Bad Wimpfen I | C5: =VLOOKUP(B5,$Q:$S,2,0) -> 10 | D5: =VLOOKUP(B5,$Q:$S,3,0) -> 2 | F5: 1. | G5: FSV Friedrichshaller SV I | H5: =VLOOKUP(G5,$Q:$S,2,0) -> 9 | I5: =VLOOKUP(G5,$Q:$S,3,0) -> 1.8 | K5: 1. | L5: Spvgg Oedheim I | M5: =VLOOKUP(L5,$Q:$S,2,0) -> 8 | N5: =VLOOKUP(L5,$Q:$S,3,0) -> 1.6 | S5: KS2-2 | T5: =COUNTIF($T$10:$T$169,S5) -> 45 | Y5: =COUNTIF($Y$10:$Y$130,X5) -> 0
A6: 2. | B6: SC Amorbach I | C6: =VLOOKUP(B6,$Q:$S,2,0) -> 15 | D6: =VLOOKUP(B6,$Q:$S,3,0) -> 3 | F6: 2. | G6: SGM TSV Hardthausen KoBra I | H6: =VLOOKUP(G6,$Q:$S,2,0) -> 12 | I6: =VLOOKUP(G6,$Q:$S,3,0) -> 2.4 | K6: 2. | L6: SC Amorbach II | M6: =VLOOKUP(L6,$Q:$S,2,0) -> 5 | N6: =VLOOKUP(L6,$Q:$S,3,0) -> 1 | S6: KS2-3 | T6: =COUNTIF($T$10:$T$169,S6) -> 31 | U6: 10 | Y6: =COUNTIF($Y$10:$Y$130,X6) -> 0
A7: 3. | B7: TSV Erlenbach I | C7: =VLOOKUP(B7,$Q:$S,2,0) -> 13 | D7: =VLOOKUP(B7,$Q:$S,3,0) -> 2.6 | F7: 3. | G7: SV Sülzbach I | H7: =VLOOKUP(G7,$Q:$S,2,0) -> 10 | I7: =VLOOKUP(G7,$Q:$S,3,0) -> 2 | K7: 3. | L7: TG Offenau I | M7: =VLOOKUP(L7,$Q:$S,2,0) -> 5 | N7: =VLOOKUP(L7,$Q:$S,3,0) -> 1
A8: 4. | B8: Spfr Neckarwestheim I | C8: =VLOOKUP(B8,$Q:$S,2,0) -> 15 | D8: =VLOOKUP(B8,$Q:$S,3,0) -> 3 | F8: 4. | G8: FC Obersulm I | H8: =VLOOKUP(G8,$Q:$S,2,0) -> 9 | I8: =VLOOKUP(G8,$Q:$S,3,0) -> 1.8 | K8: 4. | L8: TSV Heinsheim | M8: =VLOOKUP(L8,$Q:$S,2,0) -> 4 | N8: =VLOOKUP(L8,$Q:$S,3,0) -> 0.8
A9: 5. | B9: TGV Eintracht Beilstein I | C9: =VLOOKUP(B9,$Q:$S,2,0) -> 12 | D9: =VLOOKUP(B9,$Q:$S,3,0) -> 2.4 | F9: 5. | G9: SGM SC Abstatt Heinriet I | H9: =VLOOKUP(G9,$Q:$S,2,0) -> 9 | I9: =VLOOKUP(G9,$Q:$S,3,0) -> 1.8 | K9: 5. | L9: Sport-Union Neckarsulm I | M9: =VLOOKUP(L9,$Q:$S,2,0) -> 9 | N9: =VLOOKUP(L9,$Q:$S,3,0) -> 1.8 | Q9: Unterland | R9: Punkte | S9: Q | V9: Hohenlohe | W9: Punkte | X9: Q
A10: 6. | B10: VfR Heilbronn 96/18 | C10: =VLOOKUP(B10,$Q:$S,2,0) -> 15 | D10: =VLOOKUP(B10,$Q:$S,3,0) -> 3 | F10: 6. | G10: SV Leingarten I | H10: =VLOOKUP(G10,$Q:$S,2,0) -> 9 | I10: =VLOOKUP(G10,$Q:$S,3,0) -> 1.8 | K10: 6. | L10: SGM Neudenau/Siglingen I | M10: =VLOOKUP(L10,$Q:$S,2,0) -> 6 | N10: =VLOOKUP(L10,$Q:$S,3,0) -> 1.2 | P10: 1 | Q10: SG Bad Wimpfen I | R10: 10 | S10: 2 | T10: KS1-1 | U10: 1 | V10: 1. FC Igersheim I | W10: 12 | X10: 3 | Y10: KS1-1
A11: 7. | B11: SGM TSV Meimsheim I | C11: =VLOOKUP(B11,$Q:$S,2,0) -> 12 | D11: =VLOOKUP(B11,$Q:$S,3,0) -> 2.4 | F11: 7. | G11: TSG Heilbronn I | H11: =VLOOKUP(G11,$Q:$S,2,0) -> 10 | I11: =VLOOKUP(G11,$Q:$S,3,0) -> 2 | K11: 7. | L11: Spvgg Möckmühl I | M11: =VLOOKUP(L11,$Q:$S,2,0) -> 3 | N11: =VLOOKUP(L11,$Q:$S,3,0) -> 0.6 | P11: 2 | Q11: FSV Friedrichshaller SV I | R11: 9 | S11: 1.8 | T11: KS1-2 | U11: 2 | V11: SGM Weikersheim Vorbach-Tauber I | W11: 9 | X11: 2.25 | Y11: KS1-1
A12: 8. | B12: TG Böckingen I | C12: =VLOOKUP(B12,$Q:$S,2,0) -> 12 | D12: =VLOOKUP(B12,$Q:$S,3,0) -> 2.4 | F12: 8. | G12: SV Heilbronn am Leinbach I | H12: =VLOOKUP(G12,$Q:$S,2,0) -> 9 | I12: =VLOOKUP(G12,$Q:$S,3,0) -> 1.8 | K12: 8. | L12: SGM Union Heilbronn / TSN 1969 II | M12: =VLOOKUP(L12,$Q:$S,2,0) -> 3 | N12: =VLOOKUP(L12,$Q:$S,3,0) -> 0.6 | P12: 3 | Q12: Spvgg Oedheim I | R12: 8 | S12: 1.6 | T12: KS1-3 | U12: 3 | V12: SGM SV Edelfingen/SV Oberbalbach/DJK Unterbalbach I | W12: 6 | X12: 1.5 | Y12: KS1-1
P13: 4 | Q13: SC Amorbach II | R13: 5 | S13: 1 | T13: KS1-3 | U13: 4 | V13: SGM Röttingen/Taubertal | W13: 3 | X13: 0.75 | Y13: KS1-2
P14: 5 | Q14: TG Offenau I | R14: 5 | S14: 1 | T14: KS1-3 | U14: 5 | V14: VfB Bad Mergentheim I | W14: 0 | X14: 0 | Y14: KS1-2
A15: SL: | B15: Reiner Falk | F15: SL: | G15: Reiner Falk | K15: SL: | L15: Reiner Falk | P15: 6 | Q15: TSV Heinsheim | R15: 4 | S15: 0.8 | T15: KS1-3
A16: E-Junioren Kreisstaffel 04 | C16: Punkte | D16: Q | F16: E-Junioren Kreisstaffel 05 | H16: Punkte | I16: Q | K16: E-Junioren Kreisstaffel 06 | M16: Punkte | N16: Q | U16: 1 | V16: SGM SV Wachbach/TSV Althausen-Neunkirchen I | W16: 12 | X16: 3 | Y16: KS1-1
A17: 1. | B17: SGM Eberstadt/Gellmersbach I | C17: =VLOOKUP(B17,$Q:$S,2,0) -> 9 | D17: =VLOOKUP(B17,$Q:$S,3,0) -> 1.8 | F17: 1. | G17: FSV Friedrichshaller SV II | H17: =VLOOKUP(G17,$Q:$S,2,0) -> 15 | I17: =VLOOKUP(G17,$Q:$S,3,0) -> 3 | K17: 1. | L17: TV Flein I | M17: =VLOOKUP(L17,$Q:$S,2,0) -> 15 | N17: =VLOOKUP(L17,$Q:$S,3,0) -> 3 | P17: 1 | Q17: SC Amorbach I | R17: 15 | S17: 3 | T17: KS1-1 | U17: 2 | V17: SGM VfR Gommersdorf/TSV Krautheim I | W17: 9 | X17: 2.25 | Y17: KS1-1
A18: 2. | B18: TSV Talheim I | C18: =VLOOKUP(B18,$Q:$S,2,0) -> 3 | D18: =VLOOKUP(B18,$Q:$S,3,0) -> 0.6 | F18: 2. | G18: VfL Obereisesheim II | H18: =VLOOKUP(G18,$Q:$S,2,0) -> 12 | I18: =VLOOKUP(G18,$Q:$S,3,0) -> 2.4 | K18: 2. | L18: Spfr Neckarwestheim II | M18: =VLOOKUP(L18,$Q:$S,2,0) -> 12 | N18: =VLOOKUP(L18,$Q:$S,3,0) -> 2.4 | P18: 2 | Q18: SGM TSV Hardthausen KoBra I | R18: 12 | S18: 2.4 | T18: KS1-2 | U18: 3 | V18: SGM Dörzbach/Klepsau/Hohebach I | W18: 6 | X18: 1.5 | Y18: KS1-1
A19: 3. | B19: SC Ilsfeld I | C19: =VLOOKUP(B19,$Q:$S,2,0) -> 6 | D19: =VLOOKUP(B19,$Q:$S,3,0) -> 1.2 | F19: 3. | G19: SGM Gundelsheim Krumme Ebene am Neckar II | H19: =VLOOKUP(G19,$Q:$S,2,0) -> 12 | I19: =VLOOKUP(G19,$Q:$S,3,0) -> 2.4 | K19: 3. | L19: SSV Auenstein I | M19: =VLOOKUP(L19,$Q:$S,2,0) -> 9 | N19: =VLOOKUP(L19,$Q:$S,3,0) -> 1.8 | P19: 3 | Q19: Sport-Union Neckarsulm I | R19: 9 | S19: 1.8 | T19: KS1-3 | U19: 4 | V19: SV Mulfingen | W19: 3 | X19: 0.75 | Y19: KS1-2
A20: 4. | B20: SGM Lehrensteinsfeld | C20: =VLOOKUP(B20,$Q:$S,2,0) -> 3 | D20: =VLOOKUP(B20,$Q:$S,3,0) -> 0.6 | F20: 4. | G20: SC Dahenfeld | H20: =VLOOKUP(G20,$Q:$S,2,0) -> 15 | I20: =VLOOKUP(G20,$Q:$S,3,0) -> 3 | K20: 4. | L20: SGM FV Wüstenrot/Neuhütten/Neulautern | M20: =VLOOKUP(L20,$Q:$S,2,0) -> 10 | N20: =VLOOKUP(L20,$Q:$S,3,0) -> 2 | P20: 4 | Q20: SGM Neudenau/Siglingen I | R20: 6 | S20: 1.2 | T20: KS1-3 | U20: 5 | V20: TV Niederstetten | W20: 0 | X20: 0 | Y20: KS1-2
A21: 5. | B21: Spfr Lauffen I | C21: =VLOOKUP(B21,$Q:$S,2,0) -> 3 | D21: =VLOOKUP(B21,$Q:$S,3,0) -> 0.6 | F21: 5. | G21: SG Bad Wimpfen II | H21: =VLOOKUP(G21,$Q:$S,2,0) -> 12 | I21: =VLOOKUP(G21,$Q:$S,3,0) -> 2.4 | K21: 5. | L21: SGM Nordheim Unteres Zabergäu I | M21: =VLOOKUP(L21,$Q:$S,2,0) -> 15 | N21: =VLOOKUP(L21,$Q:$S,3,0) -> 3 | P21: 5 | Q21: Spvgg Möckmühl I | R21: 3 | S21: 0.6 | T21: KS1-3
A22: 6. | B22: FC Kirchhausen I | C22: =VLOOKUP(B22,$Q:$S,2,0) -> 3 | D22: =VLOOKUP(B22,$Q:$S,3,0) -> 0.6 | F22: 6. | G22: SGM Neuenstadt I | H22: =VLOOKUP(G22,$Q:$S,2,0) -> 15 | I22: =VLOOKUP(G22,$Q:$S,3,0) -> 3 | K22: 6. | L22: TSV Pfaffenhofen | M22: =VLOOKUP(L22,$Q:$S,2,0) -> 15 | N22: =VLOOKUP(L22,$Q:$S,3,0) -> 3 | P22: 6 | Q22: SGM Untergriesheim H-U-T-H I | R22: 0 | S22: 0 | T22: KS2-2 | U22: 1 | V22: SGM Sindringen/Ernsbach I - Kickers Mittleres Kochertal | W22: 12 | X22: 3 | Y22: KS1-1
A23: 7. | B23: Aramäer Heilbronn I | C23: =VLOOKUP(B23,$Q:$S,2,0) -> 7 | D23: =VLOOKUP(B23,$Q:$S,3,0) -> 1.4 | F23: 7. | G23: TSV Ellhofen I | H23: =VLOOKUP(G23,$Q:$S,2,0) -> 15 | I23: =VLOOKUP(G23,$Q:$S,3,0) -> 3 | K23: 7. | L23: SGM Cleebronn/Botenheim/Eibensbach/Stockheim I | M23: =VLOOKUP(L23,$Q:$S,2,0) -> 12 | N23: =VLOOKUP(L23,$Q:$S,3,0) -> 3 | U23: 2 | V23: SGM TSV Ingelfingen/Nagelsberg I | W23: 9 | X23: 2.25 | Y23: KS1-1
A24: 8. | B24: SGM Union Heilbronn / TSN 1969 I | C24: =VLOOKUP(B24,$Q:$S,2,0) -> 6 | D24: =VLOOKUP(B24,$Q:$S,3,0) -> 1.2 | F24: 8. | G24: SGM Bonfeld/Fürfeld/Obergimpern I | H24: =VLOOKUP(G24,$Q:$S,2,0) -> 12 | I24: =VLOOKUP(G24,$Q:$S,3,0) -> 2.4 | K24: 8. | L24: Aramäer Heilbronn II | M24: =VLOOKUP(L24,$Q:$S,2,0) -> 13 | N24: =VLOOKUP(L24,$Q:$S,3,0) -> 2.6 | P24: 1 | Q24: TSV Erlenbach I | R24: 13 | S24: 2.6 | T24: KS1-1 | U24: 3 | V24: SGM DJK-TSV Bieringen/Schöntal I | W24: 6 | X24: 1.5 | Y24: KS1-1
P25: 2 | Q25: SV Sülzbach I | R25: 10 | S25: 2 | T25: KS1-2 | U25: 4 | V25: FV Künzelsau I | W25: 3 | X25: 0.75 | Y25: KS1-2
P26: 3 | Q26: FC Obersulm I | R26: 9 | S26: 1.8 | T26: KS1-2 | U26: 5 | V26: SGM Amrichshausen/Morsbach | W26: 0 | X26: 0 | Y26: KS1-2
A27: SL: | B27: Ewald Blind | F27: SL: | G27: Ewald Blind | K27: SL: | L27: Ewald Blind | P27: 4 | Q27: SGM Eberstadt/Gellmersbach I | R27: 9 | S27: 1.8 | T27: KS1-3
A28: E-Junioren Kreisstaffel 07 | C28: Punkte | D28: Q | F28: E-Junioren Kreisstaffel 08 | H28: Punkte | I28: Q | K28: E-Junioren Kreisstaffel 09 | M28: Punkte | N28: Q | P28: 5 | Q28: TSV Talheim I | R28: 3 | S28: 0.6 | T28: KS1-3 | U28: 1 | V28: SGM TSV Zweiflingen/Ohrnberg I | W28: 9 | X28: 2.25 | Y28: KS1-1
A29: 1. | B29: SC Amorbach III | C29: =VLOOKUP(B29,$Q:$S,2,0) -> 6 | D29: =VLOOKUP(B29,$Q:$S,3,0) -> 1.2 | F29: 1. | G29: TSV Weinsberg I | H29: =VLOOKUP(G29,$Q:$S,2,0) -> 0 | I29: =VLOOKUP(G29,$Q:$S,3,0) -> 0 | K29: 1. | L29: Sport-Union Neckarsulm II | M29: =VLOOKUP(L29,$Q:$S,2,0) -> 7 | N29: =VLOOKUP(L29,$Q:$S,3,0) -> 1.4 | P29: 6 | Q29: TSV Weinsberg I | R29: 0 | S29: 0 | T29: KS2-2 | U29: 2 | V29: SSV Gaisbach I | W29: 7 | X29: 1.75 | Y29: KS1-1
A30: 2. | B30: SGM Untergriesheim H-U-T-H I | C30: =VLOOKUP(B30,$Q:$S,2,0) -> 0 | D30: =VLOOKUP(B30,$Q:$S,3,0) -> 0 | F30: 2. | G30: TSV Löwenstein | H30: =VLOOKUP(G30,$Q:$S,2,0) -> 0 | I30: =VLOOKUP(G30,$Q:$S,3,0) -> 0 | K30: 2. | L30: ASV Heilbronn I | M30: =VLOOKUP(L30,$Q:$S,2,0) -> 0 | N30: =VLOOKUP(L30,$Q:$S,3,0) -> 0 | U30: 3 | V30: SGM TSV Neuenstein/Waldenburg I | W30: 5 | X30: 1.25 | Y30: KS1-2
A31: 3. | B31: TSV Duttenberg I | C31: =VLOOKUP(B31,$Q:$S,2,0) -> 9 | D31: =VLOOKUP(B31,$Q:$S,3,0) -> 1.8 | F31: 3. | G31: TGV Eintracht Beilstein II | H31: =VLOOKUP(G31,$Q:$S,2,0) -> 8 | I31: =VLOOKUP(G31,$Q:$S,3,0) -> 1.6 | K31: 3. | L31: VfL Obereisesheim I | M31: =VLOOKUP(L31,$Q:$S,2,0) -> 6 | N31: =VLOOKUP(L31,$Q:$S,3,0) -> 1.2 | P31: 1 | Q31: Spfr Neckarwestheim I | R31: 15 | S31: 3 | T31: KS1-1 | U31: 4 | V31: SC Michelbach/Wald I | W31: 4 | X31: 1 | Y31: KS1-2
A32: 4. | B32: SGM Neuenstadt II | C32: =VLOOKUP(B32,$Q:$S,2,0) -> 15 | D32: =VLOOKUP(B32,$Q:$S,3,0) -> 3 | F32: 4. | G32: TSV Ellhofen II | H32: =VLOOKUP(G32,$Q:$S,2,0) -> 12 | I32: =VLOOKUP(G32,$Q:$S,3,0) -> 2.4 | K32: 4. | L32: TSG Heilbronn II | M32: =VLOOKUP(L32,$Q:$S,2,0) -> 12 | N32: =VLOOKUP(L32,$Q:$S,3,0) -> 2.4 | P32: 2 | Q32: TGV Eintracht Beilstein I | R32: 12 | S32: 2.4 | T32: KS1-1 | U32: 5 | V32: TSV Kupferzell I | W32: 3 | X32: 0.75 | Y32: KS1-2
A33: 5. | B33: FSV Friedrichshaller SV III | C33: =VLOOKUP(B33,$Q:$S,2,0) -> 6 | D33: =VLOOKUP(B33,$Q:$S,3,0) -> 1.2 | F33: 5. | G33: TSV Talheim II | H33: =VLOOKUP(G33,$Q:$S,2,0) -> 9 | I33: =VLOOKUP(G33,$Q:$S,3,0) -> 1.8 | K33: 5. | L33: TG Böckingen II | M33: =VLOOKUP(L33,$Q:$S,2,0) -> 11 | N33: =VLOOKUP(L33,$Q:$S,3,0) -> 2.2 | P33: 3 | Q33: SGM SC Abstatt Heinriet I | R33: 9 | S33: 1.8 | T33: KS1-2
A34: 6. | B34: SGM Gundelsheim Krumme Ebene am Neckar I | C34: =VLOOKUP(B34,$Q:$S,2,0) -> 5 | D34: =VLOOKUP(B34,$Q:$S,3,0) -> 1 | F34: 6. | G34: TSV Untergruppenbach | H34: =VLOOKUP(G34,$Q:$S,2,0) -> 6 | I34: =VLOOKUP(G34,$Q:$S,3,0) -> 1.2 | K34: 6. | L34: TSV Biberach I | M34: =VLOOKUP(L34,$Q:$S,2,0) -> 8 | N34: =VLOOKUP(L34,$Q:$S,3,0) -> 2 | P34: 4 | Q34: SC Ilsfeld I | R34: 6 | S34: 1.2 | T34: KS1-3 | U34: 1 | V34: SGM TSV Bitzfeld/Brettachtal I | W34: 12 | X34: 3 | Y34: KS1-1
A35: 7. | B35: SGM Spfr. Widdern / SV Jagsthausen I | C35: =VLOOKUP(B35,$Q:$S,2,0) -> 7 | D35: =VLOOKUP(B35,$Q:$S,3,0) -> 1.4 | F35: 7. | G35: SGM Eberstadt/Gellmersbach II | H35: =VLOOKUP(G35,$Q:$S,2,0) -> 12 | I35: =VLOOKUP(G35,$Q:$S,3,0) -> 2.4 | K35: 7. | L35: SGM Union Heilbronn / TSN 1969 III | M35: =VLOOKUP(L35,$Q:$S,2,0) -> 9 | N35: =VLOOKUP(L35,$Q:$S,3,0) -> 1.8 | P35: 5 | Q35: SGM Lehrensteinsfeld | R35: 3 | S35: 0.6 | T35: KS1-3 | U35: 2 | V35: SGM TSV Pfedelbach/Jugendteam TSV I | W35: 9 | X35: 2.25 | Y35: KS1-1
A36: 8. | B36: Spvgg Möckmühl II | C36: =VLOOKUP(B36,$Q:$S,2,0) -> 6 | D36: =VLOOKUP(B36,$Q:$S,3,0) -> 1.2 | F36: 8. | G36: TV Flein II | H36: =VLOOKUP(G36,$Q:$S,2,0) -> 12 | I36: =VLOOKUP(G36,$Q:$S,3,0) -> 2.4 | K36: 8. | L36: SC Böckingen | M36: =VLOOKUP(L36,$Q:$S,2,0) -> 8 | N36: =VLOOKUP(L36,$Q:$S,3,0) -> 1.6 | P36: 6 | Q36: TSV Löwenstein | R36: 0 | S36: 0 | T36: KS2-2 | U36: 3 | V36: TSG Öhringen I | W36: 6 | X36: 1.5 | Y36: KS1-1
U37: 4 | V37: TSG Bretzfeld-Rappach | W37: 3 | X37: 0.75 | Y37: KS1-2
P38: 1 | Q38: VfR Heilbronn 96/18 | R38: 15 | S38: 3 | T38: KS1-1 | U38: 5 | V38: TSG Verrenberg | W38: 0 | X38: 0 | Y38: KS1-2
A39: SL: | B39: Ewald Blind | F39: SL: | G39: Ewald Blind | K39: SL: | L39: Ewald Blind | P39: 2 | Q39: SGM TSV Meimsheim I | R39: 12 | S39: 2.4 | T39: KS1-1 | U39: xxx | V39: xxxxxxxxxxxxxxxxxxxxxxxxxxxxxxxxxxxxxxxxxxxxx | W39: xxxxxx | X39: xxxx
A40: E-Junioren Kreisstaffel 10 | C40: Punkte | D40: Q | F40: E-Junioren Kreisstaffel 11 | H40: Punkte | I40: Q | K40: E-Junioren Kreisstaffel 12 | M40: Punkte | N40: Q | P40: 3 | Q40: SV Leingarten I | R40: 9 | S40: 1.8 | T40: KS1-2 | U40: 1 | V40: 1. FC Igersheim II | W40: 10 | X40: 2.5 | Y40: KS2
A41: 1. | B41: SV Heilbronn am Leinbach II | C41: =VLOOKUP(B41,$Q:$S,2,0) -> 5 | D41: =VLOOKUP(B41,$Q:$S,3,0) -> 1 | F41: 1. | G41: FSV Schwaigern II | H41: =VLOOKUP(G41,$Q:$S,2,0) -> 9 | I41: =VLOOKUP(G41,$Q:$S,3,0) -> 1.8 | K41: 1. | L41: SC Amorbach IV | M41: =VLOOKUP(L41,$Q:$S,2,0) -> 6 | N41: =VLOOKUP(L41,$Q:$S,3,0) -> 1.2 | P41: 4 | Q41: Spfr Lauffen I | R41: 3 | S41: 0.6 | T41: KS1-3 | U41: 2 | V41: SGM SV Wachbach/TSV Althausen-Neunkirchen II | W41: 10 | X41: 2.5 | Y41: KS2
A42: 2. | B42: SV Leingarten III | C42: =VLOOKUP(B42,$Q:$S,2,0) -> 15 | D42: =VLOOKUP(B42,$Q:$S,3,0) -> 3 | F42: 2. | G42: SGM TSV Meimsheim III | H42: =VLOOKUP(G42,$Q:$S,2,0) -> 6 | I42: =VLOOKUP(G42,$Q:$S,3,0) -> 1.2 | K42: 2. | L42: SGM TSV Hardthausen KoBra II | M42: =VLOOKUP(L42,$Q:$S,2,0) -> 3 | N42: =VLOOKUP(L42,$Q:$S,3,0) -> 0.6 | P42: 5 | Q42: SGM Union Heilbronn / TSN 1969 II | R42: 3 | S42: 0.6 | T42: KS1-3 | U42: 3 | V42: SGM Weikersheim Vorbach-Tauber II | W42: 6 | X42: 1.5 | Y42: KS2
A43: 3. | B43: SGM MassenbachHausen I | C43: =VLOOKUP(B43,$Q:$S,2,0) -> 6 | D43: =VLOOKUP(B43,$Q:$S,3,0) -> 1.2 | F43: 3. | G43: SV Leingarten IV | H43: =VLOOKUP(G43,$Q:$S,2,0) -> 15 | I43: =VLOOKUP(G43,$Q:$S,3,0) -> 3 | K43: 3. | L43: Spvgg Oedheim II | M43: =VLOOKUP(L43,$Q:$S,2,0) -> 4 | N43: =VLOOKUP(L43,$Q:$S,3,0) -> 0.8 | P43: 6 | Q43: FC Kirchhausen I | R43: 3 | S43: 0.6 | T43: KS1-3 | U43: 4 | V43: SGM SV Edelfingen/SV Oberbalbach/DJK Unterbalbach II | W43: 3 | X43: 0.75 | Y43: KS2
A44: 4. | B44: FSV Schwaigern I | C44: =VLOOKUP(B44,$Q:$S,2,0) -> 7 | D44: =VLOOKUP(B44,$Q:$S,3,0) -> 1.4 | F44: 4. | G44: Spfr Lauffen II | H44: =VLOOKUP(G44,$Q:$S,2,0) -> 10 | I44: =VLOOKUP(G44,$Q:$S,3,0) -> 2 | K44: 4. | L44: Spvgg Möckmühl III | M44: =VLOOKUP(L44,$Q:$S,2,0) -> 1 | N44: =VLOOKUP(L44,$Q:$S,3,0) -> 0.2 | U44: 5 | V44: SGM Dörzbach/Klepsau/Hohebach II | W44: 0 | X44: 0 | Y44: KS2
A45: 5. | B45: TG Böckingen III | C45: =VLOOKUP(B45,$Q:$S,2,0) -> 12 | D45: =VLOOKUP(B45,$Q:$S,3,0) -> 2.4 | F45: 5. | G45: TSG Heilbronn IV | H45: =VLOOKUP(G45,$Q:$S,2,0) -> 9 | I45: =VLOOKUP(G45,$Q:$S,3,0) -> 1.8 | K45: 5. | L45: TG Offenau II | M45: =VLOOKUP(L45,$Q:$S,2,0) -> 1 | N45: =VLOOKUP(L45,$Q:$S,3,0) -> 0.2 | P45: 1 | Q45: TG Böckingen I | R45: 12 | S45: 2.4 | T45: KS1-1
A46: 6. | B46: SGM TSV Meimsheim II | C46: =VLOOKUP(B46,$Q:$S,2,0) -> 9 | D46: =VLOOKUP(B46,$Q:$S,3,0) -> 1.8 | F46: 6. | G46: SGM Nordheim Unteres Zabergäu II | H46: =VLOOKUP(G46,$Q:$S,2,0) -> 7 | I46: =VLOOKUP(G46,$Q:$S,3,0) -> 1.4 | K46: 6. | L46: SGM Neudenau/Siglingen II | M46: =VLOOKUP(L46,$Q:$S,2,0) -> 3 | N46: =VLOOKUP(L46,$Q:$S,3,0) -> 0.6 | P46: 2 | Q46: TSG Heilbronn I | R46: 10 | S46: 2 | T46: KS1-2 | U46: 1 | V46: SGM SV Wachbach/TSV Althausen-Neunkirchen III | W46: 13 | X46: 2.6 | Y46: KS2
A47: 7. | B47: SGM SG Stetten-Kleingartach/Oberes Leintal I | C47: =VLOOKUP(B47,$Q:$S,2,0) -> 5 | D47: =VLOOKUP(B47,$Q:$S,3,0) -> 1.25 | F47: 7. | G47: SGM SG Stetten-Kleingartach/Oberes Leintal II | H47: =VLOOKUP(G47,$Q:$S,2,0) -> 6 | I47: =VLOOKUP(G47,$Q:$S,3,0) -> 1.2 | K47: 7. | L47: TSV Duttenberg II | M47: =VLOOKUP(L47,$Q:$S,2,0) -> neu | N47: =VLOOKUP(L47,$Q:$S,3,0) -> neu | P47: 3 | Q47: SV Heilbronn am Leinbach I | R47: 9 | S47: 1.8 | T47: KS1-2 | U47: 2 | V47: SGM FC Creglingen/Bieberehren | W47: 10 | X47: 2 | Y47: KS2
A48: 8. | B48: ASV Heilbronn II | C48: =VLOOKUP(B48,$Q:$S,2,0) -> 10 | D48: =VLOOKUP(B48,$Q:$S,3,0) -> 2 | F48: 8. | G48: SC Oberes Zabergäu I | H48: =VLOOKUP(G48,$Q:$S,2,0) -> 7 | I48: =VLOOKUP(G48,$Q:$S,3,0) -> 1.75 | K48: 8. | L48: SGM Neuenstadt III | M48: =VLOOKUP(L48,$Q:$S,2,0) -> neu | N48: =VLOOKUP(L48,$Q:$S,3,0) -> neu | P48: 4 | Q48: Aramäer Heilbronn I | R48: 7 | S48: 1.4 | T48: KS1-3 | U48: 3 | V48: VfB Bad Mergentheim II | W48: 8 | X48: 1.6 | Y48: KS2
P49: 5 | Q49: SGM Union Heilbronn / TSN 1969 I | R49: 6 | S49: 1.2 | T49: KS1-3 | U49: 4 | V49: 1. FC Igersheim III | W49: 6 | X49: 1.2 | Y49: KS2
P50: 6 | Q50: ASV Heilbronn I | R50: 0 | S50: 0 | T50: KS2-2 | U50: 5 | V50: SGM SV Edelfingen/SV Oberbalbach/DJK Unterbalbach III | W50: 4 | X50: 0.8 | Y50: KS2
A51: SL: | B51: Ewald Blind | F51: SL: | G51: Ewald Blind | K51: SL: | L51: Ewald Blind | P51: xxx | Q51: xxxxxxxxxxxxxxxxxxxxxxxxxxxxxxxxxxxxxxxxxxxxx | R51: xxxxxx | S51: xxxx | U51: 6 | V51: SGM Weikersheim Vorbach-Tauber III | W51: 1 | X51: 0.2 | Y51: KS2
A52: E-Junioren Kreisstaffel 13 | C52: Punkte | D52: Q | F52: E-Junioren Kreisstaffel 14 | H52: Punkte | I52: Q | K52: E-Junioren Kreisstaffel 15 | M52: Punkte | N52: Q | P52: 1 | Q52: FSV Friedrichshaller SV II | R52: 15 | S52: 3 | T52: KS2-1
A53: 1. | B53: SGM TSV Hardthausen KoBra III | C53: =VLOOKUP(B53,$Q:$S,2,0) -> 6 | D53: =VLOOKUP(B53,$Q:$S,3,0) -> 1.2 | F53: 1. | G53: TGV Eintracht Beilstein III | H53: =VLOOKUP(G53,$Q:$S,2,0) -> 6 | I53: =VLOOKUP(G53,$Q:$S,3,0) -> 1.2 | K53: 1. | L53: TSV Biberach II | M53: =VLOOKUP(L53,$Q:$S,2,0) -> 6 | N53: =VLOOKUP(L53,$Q:$S,3,0) -> 1.2 | P53: 2 | Q53: VfL Obereisesheim II | R53: 12 | S53: 2.4 | T53: KS2-1 | U53: 1 | V53: SGM Sindringen/Ernsbach II - Kickers Mittleres Kochertal | W53: 12 | X53: 2.4 | Y53: KS2
A54: 2. | B54: TSV Erlenbach II | C54: =VLOOKUP(B54,$Q:$S,2,0) -> 4 | D54: =VLOOKUP(B54,$Q:$S,3,0) -> 0.8 | F54: 2. | G54: SC Ilsfeld II | H54: =VLOOKUP(G54,$Q:$S,2,0) -> 3 | I54: =VLOOKUP(G54,$Q:$S,3,0) -> 0.6 | K54: 2. | L54: SV Leingarten II | M54: =VLOOKUP(L54,$Q:$S,2,0) -> 6 | N54: =VLOOKUP(L54,$Q:$S,3,0) -> 1.2 | P54: 3 | Q54: TSV Duttenberg I | R54: 9 | S54: 1.8 | T54: KS2-2 | U54: 2 | V54: FV Künzelsau II | W54: 10 | X54: 2 | Y54: KS2
A55: 3. | B55: SV Sülzbach II | C55: =VLOOKUP(B55,$Q:$S,2,0) -> 3 | D55: =VLOOKUP(B55,$Q:$S,3,0) -> 0.6 | F55: 3. | G55: SGM SC Abstatt Heinriet II | H55: =VLOOKUP(G55,$Q:$S,2,0) -> 0 | I55: =VLOOKUP(G55,$Q:$S,3,0) -> 0 | K55: 3. | L55: SGM MassenbachHausen II | M55: =VLOOKUP(L55,$Q:$S,2,0) -> 0 | N55: =VLOOKUP(L55,$Q:$S,3,0) -> 0 | P55: 4 | Q55: SC Amorbach III | R55: 6 | S55: 1.2 | T55: KS2-2 | U55: 3 | V55: SSV Gaisbach II | W55: 9 | X55: 1.8 | Y55: KS2
A56: 4. | B56: FC Obersulm II | C56: =VLOOKUP(B56,$Q:$S,2,0) -> 1 | D56: =VLOOKUP(B56,$Q:$S,3,0) -> 0.2 | F56: 4. | G56: SSV Auenstein II | H56: =VLOOKUP(G56,$Q:$S,2,0) -> 0 | I56: =VLOOKUP(G56,$Q:$S,3,0) -> 0 | K56: 4. | L56: SGM Cleebronn/Botenheim/Eibensbach/Stockheim III | M56: =VLOOKUP(L56,$Q:$S,2,0) -> 0 | N56: =VLOOKUP(L56,$Q:$S,3,0) -> 0 | P56: 5 | Q56: SGM TSV Hardthausen KoBra II | R56: 3 | S56: 0.6 | T56: KS2-3 | U56: 4 | V56: SGM DJK-TSV Bieringen/Schöntal II | W56: 5 | X56: 1 | Y56: KS2
A57: 5. | B57: SV Heilbronn am Leinbach IV | C57: =VLOOKUP(B57,$Q:$S,2,0) -> 0 | D57: =VLOOKUP(B57,$Q:$S,3,0) -> 0 | F57: 5. | G57: TSG Heilbronn III | H57: =VLOOKUP(G57,$Q:$S,2,0) -> 0 | I57: =VLOOKUP(G57,$Q:$S,3,0) -> 0 | K57: 5. | L57: SV Heilbronn am Leinbach III | M57: =VLOOKUP(L57,$Q:$S,2,0) -> 3 | N57: =VLOOKUP(L57,$Q:$S,3,0) -> 0.75 | P57: 6 | Q57: SGM Untergriesheim H-U-T-H II | R57: 0 | S57: 0 | U57: 5 | V57: SGM VfR Gommersdorf/TSV Krautheim II | W57: 4 | X57: 0.8 | Y57: KS2
A58: 6. | B58: SC Amorbach V | C58: =VLOOKUP(B58,$Q:$S,2,0) -> neu | D58: =VLOOKUP(B58,$Q:$S,3,0) -> neu | F58: 6. | G58: SGM Cleebronn/Botenheim/Eibensbach/Stockheim IV | H58: =VLOOKUP(G58,$Q:$S,2,0) -> 4 | I58: =VLOOKUP(G58,$Q:$S,3,0) -> 0.8 | K58: 6. | L58: TG Böckingen IV | M58: =VLOOKUP(L58,$Q:$S,2,0) -> 3 | N58: =VLOOKUP(L58,$Q:$S,3,0) -> 0.6 | U58: 6 | V58: SGM TSV Ingelfingen/Nagelsberg II | W58: 3 | X58: 0.6 | Y58: KS2
A59: 7. | B59: Sport-Union Neckarsulm III | C59: =VLOOKUP(B59,$Q:$S,2,0) -> neu | D59: =VLOOKUP(B59,$Q:$S,3,0) -> neu | F59: 7. | G59: NK Croatia Heilbronn | H59: =VLOOKUP(G59,$Q:$S,2,0) -> 0 | I59: =VLOOKUP(G59,$Q:$S,3,0) -> 0 | K59: 7. | L59: ASV Heilbronn III | M59: =VLOOKUP(L59,$Q:$S,2,0) -> neu | N59: =VLOOKUP(L59,$Q:$S,3,0) -> neu | P59: 1 | Q59: SGM Neuenstadt II | R59: 15 | S59: 3 | T59: KS2-2
P60: 2 | Q60: SGM Gundelsheim Krumme Ebene am Neckar II | R60: 12 | S60: 2.4 | T60: KS2-1 | U60: 1 | V60: TSG Öhringen II | W60: 15 | X60: 3 | Y60: KS2
P61: 3 | Q61: FSV Friedrichshaller SV III | R61: 6 | S61: 1.2 | T61: KS2-2 | U61: 2 | V61: TSV Kupferzell II | W61: 12 | X61: 2.4 | Y61: KS2
A62: SL: | B62: Ewald Blind | F62: SL: | G62: Andreas Leitner | K62: SL: | L62: Michael Schmelzle | P62: 4 | Q62: SC Amorbach IV | R62: 6 | S62: 1.2 | T62: KS2-2 | U62: 3 | V62: SGM TSV Bitzfeld/Brettachtal II | W62: 9 | X62: 1.8 | Y62: KS2
A63: E-Junioren Kreisstaffel 16 | C63: Punkte | D63: Q | F63: E-Junioren Kreisstaffel 17 | H63: Punkte | I63: Q | K63: E-Junioren Kreisstaffel 18 | M63: Punkte | N63: Q | P63: 5 | Q63: Spvgg Oedheim II | R63: 4 | S63: 0.8 | T63: KS2-3 | U63: 4 | V63: SGM TSV Pfedelbach/Jugendteam TSV II | W63: 6 | X63: 1.2 | Y63: KS2
A64: 1. | B64: SGM Güglingen / Frauenzimmern | C64: =VLOOKUP(B64,$Q:$S,2,0) -> 1 | D64: =VLOOKUP(B64,$Q:$S,3,0) -> 0.25 | F64: 1. | G64: 1. FC Igersheim I | H64: =VLOOKUP(G64,$V:$X,2,0) -> 12 | I64: =VLOOKUP(G64,$V:$X,3,0) -> 3 | K64: 1. | L64: SGM Sindringen/Ernsbach I - Kickers Mittleres Kochertal | M64: =VLOOKUP(L64,$V:$X,2,0) -> 12 | N64: =VLOOKUP(L64,$V:$X,3,0) -> 3 | P64: 6 | Q64: Spvgg Möckmühl III | R64: 1 | S64: 0.2 | T64: KS2-3 | U64: 5 | V64: SGM TSV Zweiflingen/Ohrnberg II | W64: 3 | X64: 0.6 | Y64: KS2
A65: 2. | B65: SGM Bonfeld/Fürfeld/Obergimpern II | C65: =VLOOKUP(B65,$Q:$S,2,0) -> 3 | D65: =VLOOKUP(B65,$Q:$S,3,0) -> 0.6 | F65: 2. | G65: SGM Weikersheim Vorbach-Tauber I | H65: =VLOOKUP(G65,$V:$X,2,0) -> 9 | I65: =VLOOKUP(G65,$V:$X,3,0) -> 2.25 | K65: 2. | L65: SGM TSV Ingelfingen/Nagelsberg I | M65: =VLOOKUP(L65,$V:$X,2,0) -> 9 | N65: =VLOOKUP(L65,$V:$X,3,0) -> 2.25 | U65: 6 | V65: SGM TSV Neuenstein/Waldenburg II | W65: 0 | X65: 0 | Y65: KS2
A66: 3. | B66: SGM TSV Meimsheim IV | C66: =VLOOKUP(B66,$Q:$S,2,0) -> 6 | D66: =VLOOKUP(B66,$Q:$S,3,0) -> 1.2 | F66: 3. | G66: SGM SV Edelfingen/SV Oberbalbach/DJK Unterbalbach I | H66: =VLOOKUP(G66,$V:$X,2,0) -> 6 | I66: =VLOOKUP(G66,$V:$X,3,0) -> 1.5 | K66: 3. | L66: SGM TSV Zweiflingen/Ohrnberg I | M66: =VLOOKUP(L66,$V:$X,2,0) -> 9 | N66: =VLOOKUP(L66,$V:$X,3,0) -> 2.25 | P66: 1 | Q66: SC Dahenfeld | R66: 15 | S66: 3 | T66: KS2-1
A67: 4. | B67: SC Oberes Zabergäu II | C67: =VLOOKUP(B67,$Q:$S,2,0) -> 3 | D67: =VLOOKUP(B67,$Q:$S,3,0) -> 0.6 | F67: 4. | G67: SGM SV Wachbach/TSV Althausen-Neunkirchen I | H67: =VLOOKUP(G67,$V:$X,2,0) -> 12 | I67: =VLOOKUP(G67,$V:$X,3,0) -> 3 | K67: 4. | L67: SSV Gaisbach I | M67: =VLOOKUP(L67,$V:$X,2,0) -> 7 | N67: =VLOOKUP(L67,$V:$X,3,0) -> 1.75 | P67: 2 | Q67: SG Bad Wimpfen II | R67: 12 | S67: 2.4 | T67: KS2-1 | U67: 1 | V67: SGM Sindringen/Ernsbach III - Kickers Mittleres Kochertal | W67: 13 | X67: 2.6 | Y67: KS2
A68: 5. | B68: SGM Cleebronn/Botenheim/Eibensbach/Stockheim II | C68: =VLOOKUP(B68,$Q:$S,2,0) -> 0 | D68: =VLOOKUP(B68,$Q:$S,3,0) -> 0 | F68: 5. | G68: SGM VfR Gommersdorf/TSV Krautheim I | H68: =VLOOKUP(G68,$V:$X,2,0) -> 9 | I68: =VLOOKUP(G68,$V:$X,3,0) -> 2.25 | K68: 5. | L68: SGM TSV Bitzfeld/Brettachtal I | M68: =VLOOKUP(L68,$V:$X,2,0) -> 12 | N68: =VLOOKUP(L68,$V:$X,3,0) -> 3 | P68: 3 | Q68: VfL Obereisesheim I | R68: 6 | S68: 1.2 | T68: KS2-2 | U68: 2 | V68: SGM Eberstadt/Gellmersbach II | W68: 12 | X68: 2.4
A69: 6. | B69: Spfr Lauffen III | C69: =VLOOKUP(B69,$Q:$S,2,0) -> neu | D69: =VLOOKUP(B69,$Q:$S,3,0) -> neu | F69: 6. | G69: SGM Dörzbach/Klepsau/Hohebach I | H69: =VLOOKUP(G69,$V:$X,2,0) -> 6 | I69: =VLOOKUP(G69,$V:$X,3,0) -> 1.5 | K69: 6. | L69: SGM TSV Pfedelbach/Jugendteam TSV I | M69: =VLOOKUP(L69,$V:$X,2,0) -> 9 | N69: =VLOOKUP(L69,$V:$X,3,0) -> 2.25 | P69: 4 | Q69: SGM Gundelsheim Krumme Ebene am Neckar I | R69: 5 | S69: 1 | T69: KS2-2 | U69: 3 | V69: SC Michelbach/Wald II | W69: 10 | X69: 2 | Y69: KS2
A70: 7. | B70: ASV Heilbronn IV | C70: =VLOOKUP(B70,$Q:$S,2,0) -> neu | D70: =VLOOKUP(B70,$Q:$S,3,0) -> neu | F70: 7. | G70: SGM DJK-TSV Bieringen/Schöntal I | H70: =VLOOKUP(G70,$V:$X,2,0) -> 6 | I70: =VLOOKUP(G70,$V:$X,3,0) -> 1.5 | K70: 7. | L70: TSG Öhringen I | M70: =VLOOKUP(L70,$V:$X,2,0) -> 6 | N70: =VLOOKUP(L70,$V:$X,3,0) -> 1.5 | P70: 5 | Q70: TSV Erlenbach II | R70: 4 | S70: 0.8 | T70: KS2-3 | U70: 4 | V70: SGM TSV Zweiflingen/Ohrnberg III | W70: 6 | X70: 1.2 | Y70: KS2
P71: 6 | Q71: TG Offenau II | R71: 1 | S71: 0.2 | T71: KS2-3 | U71: 5 | V71: SGM TSV Pfedelbach/Jugendteam TSV III | W71: 3 | X71: 0.6 | Y71: KS2
U72: 6 | V72: SGM DJK-TSV Bieringen/Schöntal III | W72: 0 | X72: 0 | Y72: KS2
A73: SL: | B73: Andreas Leitner | F73: SL: | G73: Michael Schmelzle | K73: SL: | L73: Michael Schmelzle | P73: 1 | Q73: SGM Neuenstadt I | R73: 15 | S73: 3 | T73: KS2-1
A74: E-Junioren Kreisstaffel 19 | C74: Punkte | D74: Q | F74: E-Junioren Kreisstaffel 20 | H74: Punkte | I74: Q | K74: E-Junioren Kreisstaffel 21 | M74: Punkte | N74: Q | P74: 2 | Q74: Sport-Union Neckarsulm II | R74: 7 | S74: 1.4 | T74: KS2-2 | V74: SGM Sindringen/Ernsbach IV - Kickers Mittleres Kochertal | W74: neu | X74: neu | Y74: KS2
A75: 1. | B75: SGM Röttingen/Taubertal | C75: =VLOOKUP(B75,$V:$X,2,0) -> 3 | D75: =VLOOKUP(B75,$V:$X,3,0) -> 0.75 | F75: 1. | G75: FV Künzelsau I | H75: =VLOOKUP(G75,$V:$X,2,0) -> 3 | I75: =VLOOKUP(G75,$V:$X,3,0) -> 0.75 | K75: 1. | L75: TSG Verrenberg | M75: =VLOOKUP(L75,$V:$X,2,0) -> 0 | N75: =VLOOKUP(L75,$V:$X,3,0) -> 0 | P75: 3 | Q75: SGM Spfr. Widdern / SV Jagsthausen I | R75: 7 | S75: 1.4 | T75: KS2-2
A76: 2. | B76: VfB Bad Mergentheim I | C76: =VLOOKUP(B76,$V:$X,2,0) -> 0 | D76: =VLOOKUP(B76,$V:$X,3,0) -> 0 | F76: 2. | G76: SGM TSV Neuenstein/Waldenburg I | H76: =VLOOKUP(G76,$V:$X,2,0) -> 5 | I76: =VLOOKUP(G76,$V:$X,3,0) -> 1.25 | K76: 2. | L76: TSV Kupferzell II | M76: =VLOOKUP(L76,$V:$X,2,0) -> 12 | N76: =VLOOKUP(L76,$V:$X,3,0) -> 2.4 | P76: 4 | Q76: Spvgg Möckmühl II | R76: 6 | S76: 1.2 | T76: KS2-2
A77: 3. | B77: SV Mulfingen | C77: =VLOOKUP(B77,$V:$X,2,0) -> 3 | D77: =VLOOKUP(B77,$V:$X,3,0) -> 0.75 | F77: 3. | G77: SC Michelbach/Wald I | H77: =VLOOKUP(G77,$V:$X,2,0) -> 4 | I77: =VLOOKUP(G77,$V:$X,3,0) -> 1 | K77: 3. | L77: SGM TSV Bitzfeld/Brettachtal II | M77: =VLOOKUP(L77,$V:$X,2,0) -> 9 | N77: =VLOOKUP(L77,$V:$X,3,0) -> 1.8 | P77: 5 | Q77: SGM TSV Hardthausen KoBra III | R77: 6 | S77: 1.2 | T77: KS2-2
A78: 4. | B78: TV Niederstetten | C78: =VLOOKUP(B78,$V:$X,2,0) -> 0 | D78: =VLOOKUP(B78,$V:$X,3,0) -> 0 | F78: 4. | G78: TSV Kupferzell I | H78: =VLOOKUP(G78,$V:$X,2,0) -> 3 | I78: =VLOOKUP(G78,$V:$X,3,0) -> 0.75 | K78: 4. | L78: SGM TSV Pfedelbach/Jugendteam TSV II | M78: =VLOOKUP(L78,$V:$X,2,0) -> 6 | N78: =VLOOKUP(L78,$V:$X,3,0) -> 1.2 | P78: 6 | Q78: SGM Neudenau/Siglingen II | R78: 3 | S78: 0.6 | T78: KS2-3
A79: 5. | B79: 1. FC Igersheim II | C79: =VLOOKUP(B79,$V:$X,2,0) -> 10 | D79: =VLOOKUP(B79,$V:$X,3,0) -> 2.5 | F79: 5. | G79: TSG Bretzfeld-Rappach | H79: =VLOOKUP(G79,$V:$X,2,0) -> 3 | I79: =VLOOKUP(G79,$V:$X,3,0) -> 0.75 | K79: 5. | L79: SGM TSV Zweiflingen/Ohrnberg II | M79: =VLOOKUP(L79,$V:$X,2,0) -> 3 | N79: =VLOOKUP(L79,$V:$X,3,0) -> 0.6
A80: 6. | B80: SGM SV Wachbach/TSV Althausen-Neunkirchen II | C80: =VLOOKUP(B80,$V:$X,2,0) -> 10 | D80: =VLOOKUP(B80,$V:$X,3,0) -> 2.5 | F80: 6. | G80: SGM Sindringen/Ernsbach II - Kickers Mittleres Kochertal | H80: =VLOOKUP(G80,$V:$X,2,0) -> 12 | I80: =VLOOKUP(G80,$V:$X,3,0) -> 2.4 | K80: 6. | L80: SGM Sindringen/Ernsbach III - Kickers Mittleres Kochertal | M80: =VLOOKUP(L80,$V:$X,2,0) -> 13 | N80: =VLOOKUP(L80,$V:$X,3,0) -> 2.6 | P80: 1 | Q80: TV Flein I | R80: 15 | S80: 3 | T80: KS2-1
A81: 7. | B81: SGM Weikersheim Vorbach-Tauber II | C81: =VLOOKUP(B81,$V:$X,2,0) -> 6 | D81: =VLOOKUP(B81,$V:$X,3,0) -> 1.5 | F81: 7. | G81: TSG Öhringen II | H81: =VLOOKUP(G81,$V:$X,2,0) -> 15 | I81: =VLOOKUP(G81,$V:$X,3,0) -> 3 | K81: 7. | L81: SC Michelbach/Wald II | M81: =VLOOKUP(L81,$V:$X,2,0) -> 10 | N81: =VLOOKUP(L81,$V:$X,3,0) -> 2 | P81: 2 | Q81: Spfr Neckarwestheim II | R81: 12 | S81: 2.4 | T81: KS2-1
P82: 3 | Q82: SSV Auenstein I | R82: 9 | S82: 1.8 | T82: KS2-1
P83: 4 | Q83: TGV Eintracht Beilstein III | R83: 6 | S83: 1.2 | T83: KS2-2
A84: SL: | B84: Andreas Leitner | F84: SL: | G84: Michael Schmelzle | K84: SL: | L84: Michael Schmelzle | P84: 5 | Q84: SC Ilsfeld II | R84: 3 | S84: 0.6 | T84: KS2-3
A85: E-Junioren Kreisstaffel 22 | C85: Punkte | D85: Q | F85: E-Junioren Kreisstaffel 23 | H85: Punkte | I85: Q | K85: E-Junioren Kreisstaffel 24 | M85: Punkte | N85: Q | P85: 6 | Q85: SGM SC Abstatt Heinriet II | R85: 0 | S85: 0 | T85: KS2-3
A86: 1. | B86: SGM SV Edelfingen/SV Oberbalbach/DJK Unterbalbach II | C86: =VLOOKUP(B86,$V:$X,2,0) -> 3 | D86: =VLOOKUP(B86,$V:$X,3,0) -> 0.75 | F86: 1. | G86: SGM Amrichshausen/Morsbach | H86: =VLOOKUP(G86,$V:$X,2,0) -> 0 | I86: =VLOOKUP(G86,$V:$X,3,0) -> 0 | K86: 1. | L86: SGM TSV Ingelfingen/Nagelsberg II | M86: =VLOOKUP(L86,$V:$X,2,0) -> 3 | N86: =VLOOKUP(L86,$V:$X,3,0) -> 0.6
A87: 2. | B87: SGM SV Wachbach/TSV Althausen-Neunkirchen III | C87: =VLOOKUP(B87,$V:$X,2,0) -> 13 | D87: =VLOOKUP(B87,$V:$X,3,0) -> 2.6 | F87: 2. | G87: SGM Dörzbach/Klepsau/Hohebach II | H87: =VLOOKUP(G87,$V:$X,2,0) -> 0 | I87: =VLOOKUP(G87,$V:$X,3,0) -> 0 | K87: 2. | L87: SGM TSV Neuenstein/Waldenburg II | M87: =VLOOKUP(L87,$V:$X,2,0) -> 0 | N87: =VLOOKUP(L87,$V:$X,3,0) -> 0 | P87: 1 | Q87: TSV Ellhofen I | R87: 15 | S87: 3 | T87: KS2-1
A88: 3. | B88: SGM FC Creglingen/Bieberehren | C88: =VLOOKUP(B88,$V:$X,2,0) -> 10 | D88: =VLOOKUP(B88,$V:$X,3,0) -> 2 | F88: 3. | G88: FV Künzelsau II | H88: =VLOOKUP(G88,$V:$X,2,0) -> 10 | I88: =VLOOKUP(G88,$V:$X,3,0) -> 2 | K88: 3. | L88: SGM TSV Zweiflingen/Ohrnberg III | M88: =VLOOKUP(L88,$V:$X,2,0) -> 6 | N88: =VLOOKUP(L88,$V:$X,3,0) -> 1.2 | P88: 2 | Q88: SGM FV Wüstenrot/Neuhütten/Neulautern | R88: 10 | S88: 2 | T88: KS2-1
A89: 4. | B89: VfB Bad Mergentheim II | C89: =VLOOKUP(B89,$V:$X,2,0) -> 8 | D89: =VLOOKUP(B89,$V:$X,3,0) -> 1.6 | F89: 4. | G89: SSV Gaisbach II | H89: =VLOOKUP(G89,$V:$X,2,0) -> 9 | I89: =VLOOKUP(G89,$V:$X,3,0) -> 1.8 | K89: 4. | L89: SGM TSV Pfedelbach/Jugendteam TSV III | M89: =VLOOKUP(L89,$V:$X,2,0) -> 3 | N89: =VLOOKUP(L89,$V:$X,3,0) -> 0.6 | P89: 3 | Q89: TGV Eintracht Beilstein II | R89: 8 | S89: 1.6 | T89: KS2-2
A90: 5. | B90: 1. FC Igersheim III | C90: =VLOOKUP(B90,$V:$X,2,0) -> 6 | D90: =VLOOKUP(B90,$V:$X,3,0) -> 1.2 | F90: 5. | G90: SGM DJK-TSV Bieringen/Schöntal II | H90: =VLOOKUP(G90,$V:$X,2,0) -> 5 | I90: =VLOOKUP(G90,$V:$X,3,0) -> 1 | K90: 5. | L90: SGM DJK-TSV Bieringen/Schöntal III | M90: =VLOOKUP(L90,$V:$X,2,0) -> 0 | N90: =VLOOKUP(L90,$V:$X,3,0) -> 0 | P90: 4 | Q90: TSV Weinsberg II | R90: 6 | S90: 1.2
A91: 6. | B91: SGM SV Edelfingen/SV Oberbalbach/DJK Unterbalbach III | C91: =VLOOKUP(B91,$V:$X,2,0) -> 4 | D91: =VLOOKUP(B91,$V:$X,3,0) -> 0.8 | F91: 6. | G91: SGM VfR Gommersdorf/TSV Krautheim II | H91: =VLOOKUP(G91,$V:$X,2,0) -> 4 | I91: =VLOOKUP(G91,$V:$X,3,0) -> 0.8 | K91: 6. | L91: SGM Sindringen / Ernsbach IV - Kickers Mittleres Kochertal | M91: =VLOOKUP(L91,$V:$X,2,0) -> #N/A | N91: =VLOOKUP(L91,$V:$X,3,0) -> #N/A | P91: 5 | Q91: SV Sülzbach II | R91: 3 | S91: 0.6 | T91: KS2-3
A92: 7. | B92: SGM Weikersheim Vorbach-Tauber III | C92: =VLOOKUP(B92,$V:$X,2,0) -> 1 | D92: =VLOOKUP(B92,$V:$X,3,0) -> 0.2 | P92: 6 | Q92: FC Obersulm II | R92: 1 | S92: 0.2 | T92: KS2-3
P94: 1 | Q94: TV Flein II | R94: 12 | S94: 2.4 | T94: KS2-2
P95: 2 | Q95: TSV Ellhofen II | R95: 12 | S95: 2.4 | T95: KS2-2
P96: 3 | Q96: TSV Talheim II | R96: 9 | S96: 1.8 | T96: KS2-2
P97: 4 | Q97: TGV Eintracht Beilstein IV | R97: 6 | S97: 1.2
P98: 5 | Q98: TSV Untergruppenbach | R98: 6 | S98: 1.2 | T98: KS2-2
P99: 6 | Q99: SSV Auenstein II | R99: 0 | S99: 0 | T99: KS2-3
P101: 1 | Q101: SV Leingarten III | R101: 15 | S101: 3 | T101: KS2-2
P102: 2 | Q102: TSG Heilbronn II | R102: 12 | S102: 2.4 | T102: KS2-2
...

Sheet Tabelle1
C1: RS | D1: A | E1: B | F1: C | G1: D | H1: E | I1: Mädchen
A2: Reiner Falk | B2: =SUM(C2:I2) -> 9 | D2: =COUNTIF('A-Junioren'!A:N,A2) -> 3 | E2: =COUNTIF('B-Junioren'!A:N,A2) -> 0 | F2: =COUNTIF('C-Junioren'!A:N,A2) -> 0 | G2: =COUNTIF('D-Junioren'!A:N,A2) -> 0 | H2: =COUNTIF('E-Junioren'!A:N,A2) -> 6
A3: Bernhard Nied | B3: =SUM(C3:I3) -> 4 | C3: 1 | D3: =COUNTIF('A-Junioren'!A:N,A3) -> 0 | E3: =COUNTIF('B-Junioren'!A:N,A3) -> 3 | F3: =COUNTIF('C-Junioren'!A:N,A3) -> 0 | G3: =COUNTIF('D-Junioren'!A:N,A3) -> 0 | H3: =COUNTIF('E-Junioren'!A:N,A3) -> 0
A4: Peter Parys-Allweiler | B4: =SUM(C4:I4) -> 3 | D4: =COUNTIF('A-Junioren'!A:N,A4) -> 0 | E4: =COUNTIF('B-Junioren'!A:N,A4) -> 0 | F4: =COUNTIF('C-Junioren'!A:N,A4) -> 3 | G4: =COUNTIF('D-Junioren'!A:N,A4) -> 0 | H4: =COUNTIF('E-Junioren'!A:N,A4) -> 0
A5: Dieter Schaaf | B5: =SUM(C5:I5) -> 7 | D5: =COUNTIF('A-Junioren'!A:N,A5) -> 0 | E5: =COUNTIF('B-Junioren'!A:N,A5) -> 0 | F5: =COUNTIF('C-Junioren'!A:N,A5) -> 2 | G5: =COUNTIF('D-Junioren'!A:N,A5) -> 5 | H5: =COUNTIF('E-Junioren'!A:N,A5) -> 0
A6: Alexander Ergenzinger | B6: =SUM(C6:I6) -> 6 | D6: =COUNTIF('A-Junioren'!A:N,A6) -> 0 | E6: =COUNTIF('B-Junioren'!A:N,A6) -> 0 | F6: =COUNTIF('C-Junioren'!A:N,A6) -> 0 | G6: =COUNTIF('D-Junioren'!A:N,A6) -> 6 | H6: =COUNTIF('E-Junioren'!A:N,A6) -> 0
A7: Ewald Blind | B7: =SUM(C7:I7) -> 10 | D7: =COUNTIF('A-Junioren'!A:N,A7) -> 0 | E7: =COUNTIF('B-Junioren'!A:N,A7) -> 0 | F7: =COUNTIF('C-Junioren'!A:N,A7) -> 0 | G7: =COUNTIF('D-Junioren'!A:N,A7) -> 0 | H7: =COUNTIF('E-Junioren'!A:N,A7) -> 10
A8: Karl Ruck | B8: =SUM(C8:I8) -> 4 | C8: 1 | D8: =COUNTIF('A-Junioren'!A:N,A8) -> 3 | E8: =COUNTIF('B-Junioren'!A:N,A8) -> 0 | F8: =COUNTIF('C-Junioren'!A:N,A8) -> 0 | G8: =COUNTIF('D-Junioren'!A:N,A8) -> 0 | H8: =COUNTIF('E-Junioren'!A:N,A8) -> 0
A9: Franz Schmitt | B9: =SUM(C9:I9) -> 5 | C9: 1 | D9: =COUNTIF('A-Junioren'!A:N,A9) -> 0 | E9: =COUNTIF('B-Junioren'!A:N,A9) -> 4 | F9: =COUNTIF('C-Junioren'!A:N,A9) -> 0 | G9: =COUNTIF('D-Junioren'!A:N,A9) -> 0 | H9: =COUNTIF('E-Junioren'!A:N,A9) -> 0
A10: Andreas Leitner | B10: =SUM(C10:I10) -> 7 | D10: =COUNTIF('A-Junioren'!A:N,A10) -> 0 | E10: =COUNTIF('B-Junioren'!A:N,A10) -> 0 | F10: =COUNTIF('C-Junioren'!A:N,A10) -> 3 | G10: =COUNTIF('D-Junioren'!A:N,A10) -> 1 | H10: =COUNTIF('E-Junioren'!A:N,A10) -> 3
A11: Michael Schmelzle | B11: =SUM(C11:I11) -> 9 | D11: =COUNTIF('A-Junioren'!A:N,A11) -> 0 | E11: =COUNTIF('B-Junioren'!A:N,A11) -> 0 | F11: =COUNTIF('C-Junioren'!A:N,A11) -> 0 | G11: =COUNTIF('D-Junioren'!A:N,A11) -> 4 | H11: =COUNTIF('E-Junioren'!A:N,A11) -> 5
A12: Christian Reuter | B12: =SUM(C12:I12) -> 3 | D12: =COUNTIF('A-Junioren'!A:N,A12) -> 0 | E12: =COUNTIF('B-Junioren'!A:N,A12) -> 1 | F12: =COUNTIF('C-Junioren'!A:N,A12) -> 2 | G12: =COUNTIF('D-Junioren'!A:N,A12) -> 0 | H12: =COUNTIF('E-Junioren'!A:N,A12) -> 0
A13: Josef Kohnle | B13: =SUM(C13:I13) -> 0 | D13: =COUNTIF('A-Junioren'!A:N,A13) -> 0 | E13: =COUNTIF('B-Junioren'!A:N,A13) -> 0 | F13: =COUNTIF('C-Junioren'!A:N,A13) -> 0 | G13: =COUNTIF('D-Junioren'!A:N,A13) -> 0 | H13: =COUNTIF('E-Junioren'!A:N,A13) -> 0
B14: =SUM(B2:B13) -> 67 | D14: =SUM(D2:D13) -> 6 | E14: =SUM(E2:E13) -> 8 | F14: =SUM(F2:F13) -> 10 | G14: =SUM(G2:G13) -> 16 | H14: =SUM(H2:H13) -> 24 | I14: =SUM(I2:I13) -> 0
D16: 7 | E16: 10 | F16: 12 | G16: 18 | H16: 30 | I16: 9
